Vehicle ID: copter
Board: MatekF405-TE
Remote URL: https://github.com/ardupilot/ardupilot.git
git-sha: 92b0cd788ec29406f26c6f9c31d5ceedbd1cc538
---
Selected Features:
AP_COMPASS_CALIBRATION_FIXED_YAW_ENABLED
AP_FENCE_ENABLED
AP_MAVLINK_MAV_CMD_REQUEST_AUTOPILOT_CAPABILITIES_ENABLED
AP_BATTERY_SYNTHETIC_CURRENT_ENABLED
MODE_TURTLE_ENABLED
HAL_MSP_ENABLED
AP_RPM_ESC_TELEM_ENABLED
AP_RCPROTOCOL_SBUS_ENABLED
AP_AVOIDANCE_ENABLED
AP_RANGEFINDER_ENABLED
AP_COMPASS_AK09916_ENABLED
AP_CUSTOMROTATIONS_ENABLED
AP_VIDEOTX_ENABLED
AP_RPM_PIN_ENABLED
AP_COMPASS_IST8310_ENABLED
AP_MAVLINK_RALLY_POINT_PROTOCOL_ENABLED
AP_CAMERA_ENABLED
AP_FILESYSTEM_MISSION_ENABLED
HAL_MSP_GPS_ENABLED
HAL_CRSF_TELEM_ENABLED
HAL_NAVEKF3_AVAILABLE
MODE_SPORT_ENABLED
AP_RCPROTOCOL_CRSF_ENABLED
AP_BARO_SPL06_ENABLED
AP_INERTIALSENSOR_BATCHSAMPLER_ENABLED
AP_FILESYSTEM_FORMAT_ENABLED
HAL_RALLY_ENABLED
MODE_BRAKE_ENABLED
HAL_SPEKTRUM_TELEM_ENABLED
HAL_OSD_SIDEBAR_ENABLE
AP_COMPASS_QMC5883L_ENABLED
AP_RSSI_ENABLED
AP_COMPASS_HMC5843_ENABLED
AP_AIRSPEED_ENABLED
AP_RCPROTOCOL_ENABLED
HAL_CRSF_TELEM_TEXT_SELECTION_ENABLED
AP_CAMERA_RELAY_ENABLED
HAL_EFI_ENABLED
AP_FRSKY_SPORT_PASSTHROUGH_ENABLED
AP_RPM_ENABLED
MODE_GUIDED_NOGPS_ENABLED
OSD_PARAM_ENABLED
AP_MOTORS_FRAME_QUAD_ENABLED
AP_BATTERY_SUM_ENABLED
AP_FILESYSTEM_ROMFS_ENABLED
MODE_FLIP_ENABLED
AP_NOTIFY_TONEALARM_ENABLED
AP_RELAY_ENABLED
AP_SMARTAUDIO_ENABLED
AP_MAVLINK_MSG_SERIAL_CONTROL_ENABLED
OSD_ENABLED
AP_MAVLINK_FTP_ENABLED
AP_MAVLINK_MSG_RC_CHANNELS_RAW_ENABLED
AP_FRSKY_TELEM_ENABLED
AP_FRSKY_SPORT_TELEM_ENABLED
AP_MAVLINK_SERVO_RELAY_ENABLED
AC_POLYFENCE_FENCE_POINT_PROTOCOL_SUPPORT
AP_FILESYSTEM_PARAM_ENABLED
AP_GPS_UBLOX_ENABLED
COMPASS_LEARN_ENABLED
AP_MAVLINK_MSG_DEVICE_OP_ENABLED
AP_CAMERA_SERVO_ENABLED
AP_RANGEFINDER_VL53L0X_ENABLED
AP_GPS_NMEA_UNICORE_ENABLED
AP_RPM_EFI_ENABLED
AP_OPTICALFLOW_ONBOARD_ENABLED
AP_BARO_MSP_ENABLED
AP_NOTIFY_MAVLINK_PLAY_TUNE_SUPPORT_ENABLED
MODE_FLOWHOLD_ENABLED
AP_FILESYSTEM_SYS_ENABLED
AP_GPS_NMEA_ENABLED
HAL_MSP_RANGEFINDER_ENABLED
EK3_FEATURE_OPTFLOW_FUSION
AP_TEMPCALIBRATION_ENABLED
AP_OPTICALFLOW_ENABLED
AP_INERTIALSENSOR_HARMONICNOTCH_ENABLED
AP_RANGEFINDER_VL53L1X_ENABLED
AP_FRSKY_D_TELEM_ENABLED
HAL_LOGGING_ENABLED
AP_RPM_HARMONICNOTCH_ENABLED
AP_RCPROTOCOL_PPMSUM_ENABLED
AP_COMPASS_MSP_ENABLED
AP_SERVORELAYEVENTS_ENABLED
AP_MAVLINK_MSG_MISSION_REQUEST_ENABLED
AP_TRAMP_ENABLED
---
Cloning build source...
Generating extrahwdef file...
Setting vehicle to: Copter
Running waf configure
Setting top to                           : /workdir/copter-MatekF405-TE-72cdb3e15dcc93cc739e57642097bed1/build_src 
Setting out to                           : /workdir/copter-MatekF405-TE-72cdb3e15dcc93cc739e57642097bed1 
Autoconfiguration                        : enabled 
Checking for program 'python'            : /usr/bin/python3 
Checking for python version >= 3.6.9     : 3.10.12 
Setting board to                         : MatekF405-TE 
Using toolchain                          : arm-none-eabi 
Checking for 'g++' (C++ compiler)        : /usr/lib/ccache/arm-none-eabi-g++ 
Checking for 'gcc' (C compiler)          : /usr/lib/ccache/arm-none-eabi-gcc 
Checking for program 'arm-none-eabi-nm'  : /opt/gcc-arm-none-eabi-10/bin/arm-none-eabi-nm 
Checking for c flags '-MMD'              : yes 
Checking for cxx flags '-MMD'            : yes 
CXX Compiler                             : g++ 10.2.1 
Checking for program 'make'              : /usr/bin/make 
Checking for program 'arm-none-eabi-objcopy' : /opt/gcc-arm-none-eabi-10/bin/arm-none-eabi-objcopy 
Including /workdir/copter-MatekF405-TE-72cdb3e15dcc93cc739e57642097bed1/build_src/libraries/AP_HAL_ChibiOS/hwdef/include/minimize_fpv_osd.inc
Including /workdir/copter-MatekF405-TE-72cdb3e15dcc93cc739e57642097bed1/build_src/libraries/AP_HAL_ChibiOS/hwdef/include/minimize_common.inc
Removing HAL_MSP_GPS_ENABLED
Removing AP_BATTERY_SMBUS_ENABLED
Including /workdir/copter-MatekF405-TE-72cdb3e15dcc93cc739e57642097bed1/build_src/libraries/AP_HAL_ChibiOS/hwdef/include/no_bootloader_DFU.inc
Removing HAL_SOARING_ENABLED
Removing AP_BARO_BMP280_ENABLED
Removing AP_AIRSPEED_SDP3X_ENABLED
Removing AP_NOTIFY_NEOPIXEL_ENABLED
Removing AP_MAVLINK_MSG_MOUNT_CONFIGURE_ENABLED
Removing AP_NOTIFY_PROFILED_ENABLED
Removing AP_RANGEFINDER_USD1_SERIAL_ENABLED
Removing AP_MAVLINK_MSG_VIDEO_STREAM_INFORMATION_ENABLED
Removing AP_MAVLINK_BATTERY2_ENABLED
Removing HAL_MSP_ENABLED
Removing AP_RANGEFINDER_TOFSENSEF_I2C_ENABLED
Removing HAL_ADSB_UCP_ENABLED
Removing AP_RPM_ESC_TELEM_ENABLED
Removing HAL_MOUNT_STORM32SERIAL_ENABLED
Removing AP_PROXIMITY_MAV_ENABLED
Removing AP_RANGEFINDER_TRI2C_ENABLED
Removing AP_LTM_TELEM_ENABLED
Removing AP_AIRSPEED_MS5525_ENABLED
Removing AP_RANGEFINDER_NRA24_CAN_ENABLED
Removing AP_COMPASS_MMC5XX3_ENABLED
Removing AP_RANGEFINDER_BENEWAKE_TFMINI_ENABLED
Removing AP_MOTORS_FRAME_Y6_ENABLED
Removing AP_MOTORS_FRAME_HEXA_ENABLED
Removing AP_GPS_NOVA_ENABLED
Removing AP_COMPASS_IST8310_ENABLED
Removing AP_OPTICALFLOW_PIXART_ENABLED
Removing AP_GPS_BLENDED_ENABLED
Removing AP_COMPASS_LSM9DS1_ENABLED
Removing HAL_CRSF_TELEM_ENABLED
Removing AP_EXTERNAL_AHRS_INERTIALLABS_ENABLED
Removing HAL_NAVEKF3_AVAILABLE
Removing AP_COMPASS_RM3100_ENABLED
Removing MODE_SPORT_ENABLED
Removing AP_PROXIMITY_DRONECAN_ENABLED
Removing HAL_NAVEKF2_AVAILABLE
Removing AP_BARO_SPL06_ENABLED
Removing AP_FILESYSTEM_FORMAT_ENABLED
Removing MODE_BRAKE_ENABLED
Removing AP_RANGEFINDER_BLPING_ENABLED
Removing AP_RPM_GENERATOR_ENABLED
Removing AP_SBUSOUTPUT_ENABLED
Removing AP_SERIALMANAGER_REGISTER_ENABLED
Removing AP_RC_CHANNEL_AUX_FUNCTION_STRINGS_ENABLED
Removing AP_CAMERA_INFO_FROM_SCRIPT_ENABLED
Removing AP_AIRSPEED_ENABLED
Removing HAL_WITH_MSP_DISPLAYPORT
Removing HAL_CRSF_TELEM_TEXT_SELECTION_ENABLED
Removing AP_RANGEFINDER_DRONECAN_ENABLED
Removing AC_PAYLOAD_PLACE_ENABLED
Removing AP_RANGEFINDER_NOOPLOOP_ENABLED
Removing AP_PROXIMITY_LIGHTWARE_SF45B_ENABLED
Removing AP_MOTORS_FRAME_QUAD_ENABLED
Removing HAL_MOUNT_GREMSY_ENABLED
Removing AP_GPS_SBP_ENABLED
Removing AP_PROXIMITY_LIGHTWARE_SF40C_ENABLED
Removing MODE_FLIP_ENABLED
Removing AP_NOTIFY_TONEALARM_ENABLED
Removing AP_RELAY_ENABLED
Removing AP_CAMERA_SEND_THERMAL_RANGE_ENABLED
Removing AP_RCPROTOCOL_SUMD_ENABLED
Removing AP_FRSKY_TELEM_ENABLED
Removing AP_FETTEC_ONEWIRE_ENABLED
Removing AP_COMPASS_DRONECAN_ENABLED
Removing AP_MAVLINK_SERVO_RELAY_ENABLED
Removing AP_RCPROTOCOL_ST24_ENABLED
Removing HAL_MOUNT_ALEXMOS_ENABLED
Removing AC_POLYFENCE_FENCE_POINT_PROTOCOL_SUPPORT
Removing AP_GHST_TELEM_ENABLED
Removing MODE_SYSTEMID_ENABLED
Removing AP_BATTERY_FUELLEVEL_ANALOG_ENABLED
Removing HAL_ADSB_UAVIONIX_MAVLINK_ENABLED
Removing FORCE_APJ_DEFAULT_PARAMETERS
Removing AP_EXTERNAL_AHRS_MICROSTRAIN7_ENABLED
Removing AP_GPS_SIRF_ENABLED
Removing AP_GPS_SBF_ENABLED
Removing MODE_ZIGZAG_ENABLED
Removing AP_COMPASS_ICM20948_ENABLED
Removing AP_LANDINGGEAR_ENABLED
Removing AP_RANGEFINDER_VL53L0X_ENABLED
Removing AP_ROBOTISSERVO_ENABLED
Removing AP_COMPASS_IST8308_ENABLED
Removing AP_PROXIMITY_MR72_ENABLED
Removing AP_OPTICALFLOW_ONBOARD_ENABLED
Removing AP_GENERATOR_IE_2400_ENABLED
Removing HAL_GENERATOR_ENABLED
Removing AP_GENERATOR_RICHENPOWER_ENABLED
Removing AP_CAN_SLCAN_ENABLED
Removing AP_NOTIFY_MAVLINK_PLAY_TUNE_SUPPORT_ENABLED
Removing AP_BARO_MS56XX_ENABLED
Removing AP_DRONECAN_SERIAL_ENABLED
Removing AP_COMPASS_IIS2MDC_ENABLED
Removing AP_TEMPCALIBRATION_ENABLED
Removing AP_RANGEFINDER_TOFSENSEP_CAN_ENABLED
Removing AP_RANGEFINDER_VL53L1X_ENABLED
Removing AP_EFI_SERIAL_HIRTH_ENABLED
Removing EK3_FEATURE_EXTERNAL_NAV
Removing AP_COMPASS_MSP_ENABLED
Removing AP_OPTICALFLOW_MAV_ENABLED
Removing AP_TRAMP_ENABLED
Removing AP_COMPASS_CALIBRATION_FIXED_YAW_ENABLED
Removing AP_GPS_SBP2_ENABLED
Removing AP_COMPASS_EXTERNALAHRS_ENABLED
Removing HAL_VISUALODOM_ENABLED
Removing AP_BATTERY_SYNTHETIC_CURRENT_ENABLED
Removing AP_CAMERA_MAVLINKCAMV2_ENABLED
Removing MODE_TURTLE_ENABLED
Removing AP_BATTERY_SMBUS_ENABLED
Removing AP_EFI_CURRAWONG_ECU_ENABLED
Removing AP_VOLZ_ENABLED
Removing HAL_BARO_WIND_COMP_ENABLED
Removing AP_EFI_NWPWU_ENABLED
Removing AP_RANGEFINDER_MAXSONARI2CXL_ENABLED
Removing HAL_RUNCAM_ENABLED
Removing HAL_MOUNT_STORM32MAVLINK_ENABLED
Removing AP_RCPROTOCOL_SRXL2_ENABLED
Removing AP_RCPROTOCOL_SBUS_ENABLED
Removing HAL_TORQEEDO_ENABLED
Removing AP_GPS_GSOF_ENABLED
Removing AP_BARO_BMP085_ENABLED
Removing AP_AIRSPEED_ANALOG_ENABLED
Removing AP_TEMPERATURE_SENSOR_MCP9600_ENABLED
Removing AP_VIDEOTX_ENABLED
Removing HAL_MSP_OPTICALFLOW_ENABLED
Removing HAL_MOUNT_VIEWPRO_ENABLED
Removing AP_CAMERA_ENABLED
Removing AP_FILESYSTEM_MISSION_ENABLED
Removing AP_AIRSPEED_DLVR_ENABLED
Removing AP_RANGEFINDER_TERARANGER_SERIAL_ENABLED
Removing AP_BOOTLOADER_FLASHING_ENABLED
Removing COMPASS_CAL_ENABLED
Removing AP_INERTIALSENSOR_BATCHSAMPLER_ENABLED
Removing AP_AIS_ENABLED
Removing AP_RANGEFINDER_RDS02UF_ENABLED
Removing HAL_OSD_SIDEBAR_ENABLE
Removing AP_COMPASS_MMC3416_ENABLED
Removing AP_OAPATHPLANNER_ENABLED
Removing AP_CAMERA_SOLOGIMBAL_ENABLED
Removing AP_RCPROTOCOL_ENABLED
Removing AP_PLANE_OFFBOARD_GUIDED_SLEW_ENABLED
Removing AP_SCRIPTING_SERIALDEVICE_ENABLED
Removing AP_CAMERA_RELAY_ENABLED
Removing AP_RPM_ENABLED
Removing AP_RANGEFINDER_NMEA_ENABLED
Removing AP_OPTICALFLOW_UPFLOW_ENABLED
Removing AP_COMPASS_LSM303D_ENABLED
Removing AP_GRIPPER_ENABLED
Removing OSD_PARAM_ENABLED
Removing AP_MOTORS_FRAME_DECA_ENABLED
Removing AP_RANGEFINDER_PWM_ENABLED
Removing AP_RCPROTOCOL_SRXL_ENABLED
Removing AP_CAMERA_MOUNT_ENABLED
Removing AC_PRECLAND_ENABLED
Removing AP_SMARTAUDIO_ENABLED
Removing AP_MAVLINK_MSG_RC_CHANNELS_RAW_ENABLED
Removing AP_EFI_DRONECAN_ENABLED
Removing AP_BARO_FBM320_ENABLED
Removing AP_FRSKY_SPORT_TELEM_ENABLED
Removing HAL_PICCOLO_CAN_ENABLE
Removing HAL_MOUNT_SIYI_ENABLED
Removing AP_PROXIMITY_CYGBOT_ENABLED
Removing AP_BARO_DRONECAN_ENABLED
Removing AP_MSP_INAV_FONTS_ENABLED
Removing MODE_FOLLOW_ENABLED
Removing AP_AIRSPEED_DRONECAN_ENABLED
Removing AP_BEACON_ENABLED
Removing AP_BARO_PROBE_EXTERNAL_I2C_BUSES
Removing AP_RANGEFINDER_HEXSOONRADAR_ENABLED
Removing AP_CAMERA_SERVO_ENABLED
Removing AP_GPS_NMEA_UNICORE_ENABLED
Removing AP_GPS_MAV_ENABLED
Removing AP_SERIALMANAGER_IMUOUT_ENABLED
Removing AP_BARO_EXTERNALAHRS_ENABLED
Removing HAL_PLUSCODE_ENABLE
Removing AP_TEMPERATURE_SENSOR_TSYS03_ENABLED
Removing AP_SCRIPTING_ENABLED
Removing AP_ICENGINE_ENABLED
Removing HAL_ADSB_SAGETECH_MXS_ENABLED
Removing AP_COMPASS_LIS3MDL_ENABLED
Removing AP_EFI_MAV_ENABLED
Removing HAL_ADSB_ENABLED
Removing AP_INERTIALSENSOR_KILL_IMU_ENABLED
Removing AP_OPENDRONEID_ENABLED
Removing AP_MAVLINK_AUTOPILOT_VERSION_REQUEST_ENABLED
Removing AP_NOTIFY_NCP5623_ENABLED
Removing AP_EXTERNAL_AHRS_MICROSTRAIN5_ENABLED
Removing AP_SERVORELAYEVENTS_ENABLED
Removing AP_EXTERNAL_AHRS_VECTORNAV_ENABLED
Removing AP_RANGEFINDER_BENEWAKE_TF03_ENABLED
Removing AP_EFI_SERIAL_LUTAN_ENABLED
Removing HAL_SPRAYER_ENABLED
Removing HAL_PROXIMITY_ENABLED
Removing HAL_MOUNT_CADDX_ENABLED
Removing AP_MAVLINK_MAV_CMD_REQUEST_AUTOPILOT_CAPABILITIES_ENABLED
Removing AP_OPTICALFLOW_CXOF_ENABLED
Removing EK3_FEATURE_DRAG_FUSION
Removing AP_RANGEFINDER_GYUS42V2_ENABLED
Removing AP_MAVLINK_MSG_RELAY_STATUS_ENABLED
Removing AP_TUNING_ENABLED
Removing AP_RANGEFINDER_LEDDARONE_ENABLED
Removing AP_COMPASS_BMM150_ENABLED
Removing AP_COMPASS_DRONECAN_HIRES_ENABLED
Removing AP_AVOIDANCE_ENABLED
Removing HAL_PARACHUTE_ENABLED
Removing AP_RANGEFINDER_ENABLED
Removing HAL_MOUNT_SERVO_ENABLED
Removing AP_MAVLINK_MSG_MOUNT_CONTROL_ENABLED
Removing AP_TEMPERATURE_SENSOR_TSYS01_ENABLED
Removing AP_BARO_BMP388_ENABLED
Removing HAL_LANDING_DEEPSTALL_ENABLED
Removing AP_CUSTOMROTATIONS_ENABLED
Removing AP_DRONECAN_HOBBYWING_ESC_SUPPORT
Removing HAL_HIGH_LATENCY2_ENABLED
Removing AP_RANGEFINDER_WASP_ENABLED
Removing AP_PROXIMITY_RANGEFINDER_ENABLED
Removing AP_EXTENDED_ESC_TELEM_ENABLED
Removing HAL_MSP_GPS_ENABLED
Removing AP_KDECAN_ENABLED
Removing AP_GPS_ERB_ENABLED
Removing AP_NETWORKING_CAN_MCAST_ENABLED
Removing AP_AIRSPEED_NMEA_ENABLED
Removing AP_RCPROTOCOL_CRSF_ENABLED
Removing AP_COMPASS_MAG3110_ENABLED
Removing AP_RANGEFINDER_LUA_ENABLED
Removing AP_RANGEFINDER_MAXBOTIX_SERIAL_ENABLED
Removing AP_IBUS_TELEM_ENABLED
Removing HAL_RALLY_ENABLED
Removing AP_COMPASS_QMC5883P_ENABLED
Removing AP_BATTERY_WATT_MAX_ENABLED
Removing HAL_INS_TEMPERATURE_CAL_ENABLE
Removing AP_RANGEFINDER_MAVLINK_ENABLED
Removing HAL_MOUNT_ENABLED
Removing AP_CAN_LOGGING_ENABLED
Removing HAL_EFI_ENABLED
Removing AP_RANGEFINDER_USD1_CAN_ENABLED
Removing HAL_PERIPH_SUPPORT_LONG_CAN_PRINTF
Removing HAL_NMEA_OUTPUT_ENABLED
Removing AP_AIRSPEED_ASP5033_ENABLED
Removing HAL_QUADPLANE_ENABLED
Removing AP_FILESYSTEM_ROMFS_ENABLED
Removing AP_COPTER_ADVANCED_FAILSAFE_ENABLED
Removing AP_DRONECAN_SEND_GPS
Removing AP_RCPROTOCOL_IBUS_ENABLED
Removing AP_OPTICALFLOW_HEREFLOW_ENABLED
Removing AP_RANGEFINDER_LIGHTWARE_SERIAL_ENABLED
Removing AP_PROXIMITY_TERARANGERTOWEREVO_ENABLED
Removing AP_PLANE_SYSTEMID_ENABLED
Removing GPS_MOVING_BASELINE
Removing AP_BARO_KELLERLD_ENABLED
Removing AP_RANGEFINDER_BENEWAKE_TF02_ENABLED
Removing AP_GPS_UBLOX_ENABLED
Removing AP_MOTORS_FRAME_OCTA_ENABLED
Removing AP_WINCH_PWM_ENABLED
Removing AP_NETWORKING_BACKEND_PPP
Removing HAL_GYROFFT_ENABLED
Removing AP_RCPROTOCOL_GHST_ENABLED
Removing AP_RPM_EFI_ENABLED
Removing AP_BARO_MSP_ENABLED
Removing AP_COMPASS_BMM350_ENABLED
Removing AP_BARO_DPS280_ENABLED
Removing AP_GPS_NMEA_ENABLED
Removing AP_NOTIFY_MAVLINK_LED_CONTROL_SUPPORT_ENABLED
Removing HAL_DISPLAY_ENABLED
Removing HAL_WITH_FRSKY_TELEM_BIDIRECTIONAL
Removing AP_WINCH_ENABLED
Removing AP_MOTORS_FRAME_OCTAQUAD_ENABLED
Removing AP_INERTIALSENSOR_HARMONICNOTCH_ENABLED
Removing HAL_MOUNT_TOPOTEK_ENABLED
Removing AP_FRSKY_D_TELEM_ENABLED
Removing AP_RPM_HARMONICNOTCH_ENABLED
Removing QAUTOTUNE_ENABLED
Removing AP_MAVLINK_MSG_MISSION_REQUEST_ENABLED
Removing AC_PRECLAND_IRLOCK_ENABLED
Removing AP_FENCE_ENABLED
Removing AP_RANGEFINDER_LWI2C_ENABLED
Removing HAL_SOLO_GIMBAL_ENABLED
Removing AP_RCPROTOCOL_MAVLINK_RADIO_ENABLED
Removing AP_BATTERY_ESC_TELEM_OUTBOUND_ENABLED
Removing HAL_BUTTON_ENABLED
Removing AP_TEMPERATURE_SENSOR_ENABLED
Removing AP_PLANE_GLIDER_PULLUP_ENABLED
Removing HAL_HOTT_TELEM_ENABLED
Removing AP_BATTERY_INA2XX_ENABLED
Removing AP_COMPASS_AK09916_ENABLED
Removing AP_PROXIMITY_TERARANGERTOWER_ENABLED
Removing AP_RPM_PIN_ENABLED
Removing HAL_ENABLE_DRONECAN_DRIVERS
Removing AP_RANGEFINDER_BENEWAKE_TFMINIPLUS_ENABLED
Removing AP_MAVLINK_RALLY_POINT_PROTOCOL_ENABLED
Removing AP_MISSION_NAV_PAYLOAD_PLACE_ENABLED
Removing AP_RANGEFINDER_PULSEDLIGHTLRF_ENABLED
Removing AC_PRECLAND_COMPANION_ENABLED
Removing AP_WINCH_DAIWA_ENABLED
Removing AP_DRONECAN_HIMARK_SERVO_SUPPORT
Removing HAL_MSP_SENSORS_ENABLED
Removing AP_ROVER_ADVANCED_FAILSAFE_ENABLED
Removing AP_QUICKTUNE_ENABLED
Removing HAL_SPEKTRUM_TELEM_ENABLED
Removing AP_OPTICALFLOW_PX4FLOW_ENABLED
Removing AP_COMPASS_QMC5883L_ENABLED
Removing AP_RSSI_ENABLED
Removing AP_COMPASS_HMC5843_ENABLED
Removing AP_PLANE_BLACKBOX_LOGGING
Removing AP_FRSKY_SPORT_PASSTHROUGH_ENABLED
Removing AP_RANGEFINDER_BENEWAKE_CAN_ENABLED
Removing MODE_GUIDED_NOGPS_ENABLED
Removing AP_RANGEFINDER_ANALOG_ENABLED
Removing HAL_MOUNT_XACTI_ENABLED
Removing AP_SDCARD_STORAGE_ENABLED
Removing AP_DRONECAN_VOLZ_FEEDBACK_ENABLED
Removing AP_BATTERY_SUM_ENABLED
Removing AP_MAVLINK_MSG_HIL_GPS_ENABLED
Removing AP_MOTORS_FRAME_DODECAHEXA_ENABLED
Removing AP_GENERATOR_IE_650_800_ENABLED
Removing AP_CAMERA_MAVLINK_ENABLED
Removing AP_ADVANCEDFAILSAFE_ENABLED
Removing AP_EFI_SERIAL_MS_ENABLED
Removing HAL_EXTERNAL_AHRS_ENABLED
Removing AP_MAVLINK_MSG_SERIAL_CONTROL_ENABLED
Removing OSD_ENABLED
Removing AP_MAVLINK_FTP_ENABLED
Removing AP_RANGEFINDER_JRE_SERIAL_ENABLED
Removing AP_COMPASS_AK8963_ENABLED
Removing AP_PROXIMITY_HEXSOONRADAR_ENABLED
Removing AP_BARO_LPS2XH_ENABLED
Removing AP_PROXIMITY_RPLIDARA2_ENABLED
Removing AP_RANGEFINDER_HC_SR04_ENABLED
Removing AP_RANGEFINDER_LANBAO_ENABLED
Removing AP_BATTERY_FUELFLOW_ENABLED
Removing HAL_ADSB_SAGETECH_ENABLED
Removing AP_FILESYSTEM_PARAM_ENABLED
Removing AP_MAVLINK_MAV_CMD_SET_HAGL_ENABLED
Removing AP_AIRSPEED_MS4525_ENABLED
Removing AP_TEMPERATURE_SENSOR_MLX90614_ENABLED
Removing COMPASS_LEARN_ENABLED
Removing AP_NOTIFY_PROFILED_SPI_ENABLED
Removing AP_MAVLINK_MSG_DEVICE_OP_ENABLED
Removing AP_BARO_BMP581_ENABLED
Removing AP_RPM_DRONECAN_ENABLED
Removing AP_CRASHDUMP_ENABLED
Removing AP_OSD_LINK_STATS_EXTENSIONS_ENABLED
Removing MODE_FLOWHOLD_ENABLED
Removing AP_FILESYSTEM_SYS_ENABLED
Removing HAL_MSP_RANGEFINDER_ENABLED
Removing AP_CAMERA_SEND_FOV_STATUS_ENABLED
Removing EK3_FEATURE_OPTFLOW_FUSION
Removing AP_OPTICALFLOW_ENABLED
Removing HAL_LOGGING_ENABLED
Removing AP_AIRSPEED_MSP_ENABLED
Removing AP_RANGEFINDER_LEDDARVU8_ENABLED
Removing AP_RCPROTOCOL_PPMSUM_ENABLED
Removing AP_BATTERY_FUELLEVEL_PWM_ENABLED
Setup for MCU STM32F405xx
No default parameter file found
Writing hwdef setup in /workdir/copter-MatekF405-TE-72cdb3e15dcc93cc739e57642097bed1/MatekF405-TE/hwdef.h
Writing DMA map
Setting up as normal
Generating ldscript.ld
Checking for env.py
env set ENABLE_DFU_BOOT=0
env set WITH_FATFS=1
env set PROCESS_STACK=0x1C00
env set MAIN_STACK=0x600
env set IOMCU_FW=0
env set PERIPH_FW=0
env set BOARD_FLASH_SIZE=1024
env set EXT_FLASH_SIZE_MB=0
env set INT_FLASH_PRIMARY=False
env set ENABLE_CRASHDUMP=False
env set CPU_FLAGS=['-mcpu=cortex-m4', '-mfpu=fpv4-sp-d16', '-mfloat-abi=hard', '-DARM_MATH_CM4', '-u_printf_float']
env set CORTEX=cortex-m4
env set APJ_BOARD_ID=1054
env set APJ_BOARD_TYPE=STM32F405xx
env set USBID=0x1209/0x5741
env set FLASH_RESERVE_START_KB=64
env set EXT_FLASH_RESERVE_START_KB=0
env set FLASH_TOTAL=983040
env set HAS_EXTERNAL_FLASH_SECTIONS=0
env set CHIBIOS_BUILD_FLAGS=USE_FATFS=yes CHIBIOS_STARTUP_MK=os/common/startup/ARMCMx/compilers/GCC/mk/startup_stm32f4xx.mk CHIBIOS_PLATFORM_MK=os/hal/ports/STM32/STM32F4xx/platform.mk MCU=cortex-m4 ENV_UDEFS=-DCHPRINTF_USE_FLOAT=1
Enabling ChibiOS asserts                     : no 
Disabling Watchdog                           : no 
Enabling malloc guard                        : no 
Enabling ChibiOS thread statistics           : no 
Enabling -Werror                             : yes 
Checking for intelhex module:                : OK 
Enabled OpenDroneID                          : no 
Enabled firmware ID checking                 : no 
GPS Debug Logging                            : no 
Enabled custom controller                    : no 
Checking for HAVE_CMATH_ISFINITE             : yes 
Checking for HAVE_CMATH_ISINF                : yes 
Checking for HAVE_CMATH_ISNAN                : yes 
Checking for NEED_CMATH_ISFINITE_STD_NAMESPACE : yes 
Checking for NEED_CMATH_ISINF_STD_NAMESPACE    : yes 
Checking for NEED_CMATH_ISNAN_STD_NAMESPACE    : yes 
Checking for header endian.h                   : not found 
Checking for header byteswap.h                 : not found 
Checking for HAVE_MEMRCHR                      : no 
Configured VSCode Intellisense:                : no 
DC_DSDL compiler in                            : /workdir/copter-MatekF405-TE-72cdb3e15dcc93cc739e57642097bed1/build_src/modules/DroneCAN/dronecan_dsdlc 
Source is git repository                       : yes 
Update submodules                              : yes 
Checking for program 'git'                     : /usr/bin/git 
Gtest                                          : STM32 boards currently don't support compiling gtest 
Checking for program 'arm-none-eabi-size'      : /opt/gcc-arm-none-eabi-10/bin/arm-none-eabi-size 
Benchmarks                                     : disabled 
Unit tests                                     : disabled 
Scripting                                      : maybe 
Scripting runtime checks                       : enabled 
Debug build                                    : disabled 
Coverage build                                 : disabled 
Force 32-bit build                             : disabled 
Checking for program 'rsync'                   : not found 
Removing target_list file /workdir/copter-MatekF405-TE-72cdb3e15dcc93cc739e57642097bed1/MatekF405-TE/target_list
'configure' finished successfully (1.092s)
Running clean
'clean' finished successfully (1.439s)
Running build
Waf: Entering directory `/workdir/copter-MatekF405-TE-72cdb3e15dcc93cc739e57642097bed1/MatekF405-TE'
Checking for env.py
No env.py found
Generating hwdef.h
Including /workdir/copter-MatekF405-TE-72cdb3e15dcc93cc739e57642097bed1/build_src/libraries/AP_HAL_ChibiOS/hwdef/include/minimize_fpv_osd.inc
Including /workdir/copter-MatekF405-TE-72cdb3e15dcc93cc739e57642097bed1/build_src/libraries/AP_HAL_ChibiOS/hwdef/include/minimize_common.inc
Removing HAL_MSP_GPS_ENABLED
Removing AP_BATTERY_SMBUS_ENABLED
Including /workdir/copter-MatekF405-TE-72cdb3e15dcc93cc739e57642097bed1/build_src/libraries/AP_HAL_ChibiOS/hwdef/include/no_bootloader_DFU.inc
Removing HAL_SOARING_ENABLED
Removing AP_BARO_BMP280_ENABLED
Removing AP_AIRSPEED_SDP3X_ENABLED
Removing AP_NOTIFY_NEOPIXEL_ENABLED
Removing AP_MAVLINK_MSG_MOUNT_CONFIGURE_ENABLED
Removing AP_NOTIFY_PROFILED_ENABLED
Removing AP_RANGEFINDER_USD1_SERIAL_ENABLED
Removing AP_MAVLINK_MSG_VIDEO_STREAM_INFORMATION_ENABLED
Removing AP_MAVLINK_BATTERY2_ENABLED
Removing HAL_MSP_ENABLED
Removing AP_RANGEFINDER_TOFSENSEF_I2C_ENABLED
Removing HAL_ADSB_UCP_ENABLED
Removing AP_RPM_ESC_TELEM_ENABLED
Removing HAL_MOUNT_STORM32SERIAL_ENABLED
Removing AP_PROXIMITY_MAV_ENABLED
Removing AP_RANGEFINDER_TRI2C_ENABLED
Removing AP_LTM_TELEM_ENABLED
Removing AP_AIRSPEED_MS5525_ENABLED
Removing AP_RANGEFINDER_NRA24_CAN_ENABLED
Removing AP_COMPASS_MMC5XX3_ENABLED
Removing AP_RANGEFINDER_BENEWAKE_TFMINI_ENABLED
Removing AP_MOTORS_FRAME_Y6_ENABLED
Removing AP_MOTORS_FRAME_HEXA_ENABLED
Removing AP_GPS_NOVA_ENABLED
Removing AP_COMPASS_IST8310_ENABLED
Removing AP_OPTICALFLOW_PIXART_ENABLED
Removing AP_GPS_BLENDED_ENABLED
Removing AP_COMPASS_LSM9DS1_ENABLED
Removing HAL_CRSF_TELEM_ENABLED
Removing AP_EXTERNAL_AHRS_INERTIALLABS_ENABLED
Removing HAL_NAVEKF3_AVAILABLE
Removing AP_COMPASS_RM3100_ENABLED
Removing MODE_SPORT_ENABLED
Removing AP_PROXIMITY_DRONECAN_ENABLED
Removing HAL_NAVEKF2_AVAILABLE
Removing AP_BARO_SPL06_ENABLED
Removing AP_FILESYSTEM_FORMAT_ENABLED
Removing MODE_BRAKE_ENABLED
Removing AP_RANGEFINDER_BLPING_ENABLED
Removing AP_RPM_GENERATOR_ENABLED
Removing AP_SBUSOUTPUT_ENABLED
Removing AP_SERIALMANAGER_REGISTER_ENABLED
Removing AP_RC_CHANNEL_AUX_FUNCTION_STRINGS_ENABLED
Removing AP_CAMERA_INFO_FROM_SCRIPT_ENABLED
Removing AP_AIRSPEED_ENABLED
Removing HAL_WITH_MSP_DISPLAYPORT
Removing HAL_CRSF_TELEM_TEXT_SELECTION_ENABLED
Removing AP_RANGEFINDER_DRONECAN_ENABLED
Removing AC_PAYLOAD_PLACE_ENABLED
Removing AP_RANGEFINDER_NOOPLOOP_ENABLED
Removing AP_PROXIMITY_LIGHTWARE_SF45B_ENABLED
Removing AP_MOTORS_FRAME_QUAD_ENABLED
Removing HAL_MOUNT_GREMSY_ENABLED
Removing AP_GPS_SBP_ENABLED
Removing AP_PROXIMITY_LIGHTWARE_SF40C_ENABLED
Removing MODE_FLIP_ENABLED
Removing AP_NOTIFY_TONEALARM_ENABLED
Removing AP_RELAY_ENABLED
Removing AP_CAMERA_SEND_THERMAL_RANGE_ENABLED
Removing AP_RCPROTOCOL_SUMD_ENABLED
Removing AP_FRSKY_TELEM_ENABLED
Removing AP_FETTEC_ONEWIRE_ENABLED
Removing AP_COMPASS_DRONECAN_ENABLED
Removing AP_MAVLINK_SERVO_RELAY_ENABLED
Removing AP_RCPROTOCOL_ST24_ENABLED
Removing HAL_MOUNT_ALEXMOS_ENABLED
Removing AC_POLYFENCE_FENCE_POINT_PROTOCOL_SUPPORT
Removing AP_GHST_TELEM_ENABLED
Removing MODE_SYSTEMID_ENABLED
Removing AP_BATTERY_FUELLEVEL_ANALOG_ENABLED
Removing HAL_ADSB_UAVIONIX_MAVLINK_ENABLED
Removing FORCE_APJ_DEFAULT_PARAMETERS
Removing AP_EXTERNAL_AHRS_MICROSTRAIN7_ENABLED
Removing AP_GPS_SIRF_ENABLED
Removing AP_GPS_SBF_ENABLED
Removing MODE_ZIGZAG_ENABLED
Removing AP_COMPASS_ICM20948_ENABLED
Removing AP_LANDINGGEAR_ENABLED
Removing AP_RANGEFINDER_VL53L0X_ENABLED
Removing AP_ROBOTISSERVO_ENABLED
Removing AP_COMPASS_IST8308_ENABLED
Removing AP_PROXIMITY_MR72_ENABLED
Removing AP_OPTICALFLOW_ONBOARD_ENABLED
Removing AP_GENERATOR_IE_2400_ENABLED
Removing HAL_GENERATOR_ENABLED
Removing AP_GENERATOR_RICHENPOWER_ENABLED
Removing AP_CAN_SLCAN_ENABLED
Removing AP_NOTIFY_MAVLINK_PLAY_TUNE_SUPPORT_ENABLED
Removing AP_BARO_MS56XX_ENABLED
Removing AP_DRONECAN_SERIAL_ENABLED
Removing AP_COMPASS_IIS2MDC_ENABLED
Removing AP_TEMPCALIBRATION_ENABLED
Removing AP_RANGEFINDER_TOFSENSEP_CAN_ENABLED
Removing AP_RANGEFINDER_VL53L1X_ENABLED
Removing AP_EFI_SERIAL_HIRTH_ENABLED
Removing EK3_FEATURE_EXTERNAL_NAV
Removing AP_COMPASS_MSP_ENABLED
Removing AP_OPTICALFLOW_MAV_ENABLED
Removing AP_TRAMP_ENABLED
Removing AP_COMPASS_CALIBRATION_FIXED_YAW_ENABLED
Removing AP_GPS_SBP2_ENABLED
Removing AP_COMPASS_EXTERNALAHRS_ENABLED
Removing HAL_VISUALODOM_ENABLED
Removing AP_BATTERY_SYNTHETIC_CURRENT_ENABLED
Removing AP_CAMERA_MAVLINKCAMV2_ENABLED
Removing MODE_TURTLE_ENABLED
Removing AP_BATTERY_SMBUS_ENABLED
Removing AP_EFI_CURRAWONG_ECU_ENABLED
Removing AP_VOLZ_ENABLED
Removing HAL_BARO_WIND_COMP_ENABLED
Removing AP_EFI_NWPWU_ENABLED
Removing AP_RANGEFINDER_MAXSONARI2CXL_ENABLED
Removing HAL_RUNCAM_ENABLED
Removing HAL_MOUNT_STORM32MAVLINK_ENABLED
Removing AP_RCPROTOCOL_SRXL2_ENABLED
Removing AP_RCPROTOCOL_SBUS_ENABLED
Removing HAL_TORQEEDO_ENABLED
Removing AP_GPS_GSOF_ENABLED
Removing AP_BARO_BMP085_ENABLED
Removing AP_AIRSPEED_ANALOG_ENABLED
Removing AP_TEMPERATURE_SENSOR_MCP9600_ENABLED
Removing AP_VIDEOTX_ENABLED
Removing HAL_MSP_OPTICALFLOW_ENABLED
Removing HAL_MOUNT_VIEWPRO_ENABLED
Removing AP_CAMERA_ENABLED
Removing AP_FILESYSTEM_MISSION_ENABLED
Removing AP_AIRSPEED_DLVR_ENABLED
Removing AP_RANGEFINDER_TERARANGER_SERIAL_ENABLED
Removing AP_BOOTLOADER_FLASHING_ENABLED
Removing COMPASS_CAL_ENABLED
Removing AP_INERTIALSENSOR_BATCHSAMPLER_ENABLED
Removing AP_AIS_ENABLED
Removing AP_RANGEFINDER_RDS02UF_ENABLED
Removing HAL_OSD_SIDEBAR_ENABLE
Removing AP_COMPASS_MMC3416_ENABLED
Removing AP_OAPATHPLANNER_ENABLED
Removing AP_CAMERA_SOLOGIMBAL_ENABLED
Removing AP_RCPROTOCOL_ENABLED
Removing AP_PLANE_OFFBOARD_GUIDED_SLEW_ENABLED
Removing AP_SCRIPTING_SERIALDEVICE_ENABLED
Removing AP_CAMERA_RELAY_ENABLED
Removing AP_RPM_ENABLED
Removing AP_RANGEFINDER_NMEA_ENABLED
Removing AP_OPTICALFLOW_UPFLOW_ENABLED
Removing AP_COMPASS_LSM303D_ENABLED
Removing AP_GRIPPER_ENABLED
Removing OSD_PARAM_ENABLED
Removing AP_MOTORS_FRAME_DECA_ENABLED
Removing AP_RANGEFINDER_PWM_ENABLED
Removing AP_RCPROTOCOL_SRXL_ENABLED
Removing AP_CAMERA_MOUNT_ENABLED
Removing AC_PRECLAND_ENABLED
Removing AP_SMARTAUDIO_ENABLED
Removing AP_MAVLINK_MSG_RC_CHANNELS_RAW_ENABLED
Removing AP_EFI_DRONECAN_ENABLED
Removing AP_BARO_FBM320_ENABLED
Removing AP_FRSKY_SPORT_TELEM_ENABLED
Removing HAL_PICCOLO_CAN_ENABLE
Removing HAL_MOUNT_SIYI_ENABLED
Removing AP_PROXIMITY_CYGBOT_ENABLED
Removing AP_BARO_DRONECAN_ENABLED
Removing AP_MSP_INAV_FONTS_ENABLED
Removing MODE_FOLLOW_ENABLED
Removing AP_AIRSPEED_DRONECAN_ENABLED
Removing AP_BEACON_ENABLED
Removing AP_BARO_PROBE_EXTERNAL_I2C_BUSES
Removing AP_RANGEFINDER_HEXSOONRADAR_ENABLED
Removing AP_CAMERA_SERVO_ENABLED
Removing AP_GPS_NMEA_UNICORE_ENABLED
Removing AP_GPS_MAV_ENABLED
Removing AP_SERIALMANAGER_IMUOUT_ENABLED
Removing AP_BARO_EXTERNALAHRS_ENABLED
Removing HAL_PLUSCODE_ENABLE
Removing AP_TEMPERATURE_SENSOR_TSYS03_ENABLED
Removing AP_SCRIPTING_ENABLED
Removing AP_ICENGINE_ENABLED
Removing HAL_ADSB_SAGETECH_MXS_ENABLED
Removing AP_COMPASS_LIS3MDL_ENABLED
Removing AP_EFI_MAV_ENABLED
Removing HAL_ADSB_ENABLED
Removing AP_INERTIALSENSOR_KILL_IMU_ENABLED
Removing AP_OPENDRONEID_ENABLED
Removing AP_MAVLINK_AUTOPILOT_VERSION_REQUEST_ENABLED
Removing AP_NOTIFY_NCP5623_ENABLED
Removing AP_EXTERNAL_AHRS_MICROSTRAIN5_ENABLED
Removing AP_SERVORELAYEVENTS_ENABLED
Removing AP_EXTERNAL_AHRS_VECTORNAV_ENABLED
Removing AP_RANGEFINDER_BENEWAKE_TF03_ENABLED
Removing AP_EFI_SERIAL_LUTAN_ENABLED
Removing HAL_SPRAYER_ENABLED
Removing HAL_PROXIMITY_ENABLED
Removing HAL_MOUNT_CADDX_ENABLED
Removing AP_MAVLINK_MAV_CMD_REQUEST_AUTOPILOT_CAPABILITIES_ENABLED
Removing AP_OPTICALFLOW_CXOF_ENABLED
Removing EK3_FEATURE_DRAG_FUSION
Removing AP_RANGEFINDER_GYUS42V2_ENABLED
Removing AP_MAVLINK_MSG_RELAY_STATUS_ENABLED
Removing AP_TUNING_ENABLED
Removing AP_RANGEFINDER_LEDDARONE_ENABLED
Removing AP_COMPASS_BMM150_ENABLED
Removing AP_COMPASS_DRONECAN_HIRES_ENABLED
Removing AP_AVOIDANCE_ENABLED
Removing HAL_PARACHUTE_ENABLED
Removing AP_RANGEFINDER_ENABLED
Removing HAL_MOUNT_SERVO_ENABLED
Removing AP_MAVLINK_MSG_MOUNT_CONTROL_ENABLED
Removing AP_TEMPERATURE_SENSOR_TSYS01_ENABLED
Removing AP_BARO_BMP388_ENABLED
Removing HAL_LANDING_DEEPSTALL_ENABLED
Removing AP_CUSTOMROTATIONS_ENABLED
Removing AP_DRONECAN_HOBBYWING_ESC_SUPPORT
Removing HAL_HIGH_LATENCY2_ENABLED
Removing AP_RANGEFINDER_WASP_ENABLED
Removing AP_PROXIMITY_RANGEFINDER_ENABLED
Removing AP_EXTENDED_ESC_TELEM_ENABLED
Removing HAL_MSP_GPS_ENABLED
Removing AP_KDECAN_ENABLED
Removing AP_GPS_ERB_ENABLED
Removing AP_NETWORKING_CAN_MCAST_ENABLED
Removing AP_AIRSPEED_NMEA_ENABLED
Removing AP_RCPROTOCOL_CRSF_ENABLED
Removing AP_COMPASS_MAG3110_ENABLED
Removing AP_RANGEFINDER_LUA_ENABLED
Removing AP_RANGEFINDER_MAXBOTIX_SERIAL_ENABLED
Removing AP_IBUS_TELEM_ENABLED
Removing HAL_RALLY_ENABLED
Removing AP_COMPASS_QMC5883P_ENABLED
Removing AP_BATTERY_WATT_MAX_ENABLED
Removing HAL_INS_TEMPERATURE_CAL_ENABLE
Removing AP_RANGEFINDER_MAVLINK_ENABLED
Removing HAL_MOUNT_ENABLED
Removing AP_CAN_LOGGING_ENABLED
Removing HAL_EFI_ENABLED
Removing AP_RANGEFINDER_USD1_CAN_ENABLED
Removing HAL_PERIPH_SUPPORT_LONG_CAN_PRINTF
Removing HAL_NMEA_OUTPUT_ENABLED
Removing AP_AIRSPEED_ASP5033_ENABLED
Removing HAL_QUADPLANE_ENABLED
Removing AP_FILESYSTEM_ROMFS_ENABLED
Removing AP_COPTER_ADVANCED_FAILSAFE_ENABLED
Removing AP_DRONECAN_SEND_GPS
Removing AP_RCPROTOCOL_IBUS_ENABLED
Removing AP_OPTICALFLOW_HEREFLOW_ENABLED
Removing AP_RANGEFINDER_LIGHTWARE_SERIAL_ENABLED
Removing AP_PROXIMITY_TERARANGERTOWEREVO_ENABLED
Removing AP_PLANE_SYSTEMID_ENABLED
Removing GPS_MOVING_BASELINE
Removing AP_BARO_KELLERLD_ENABLED
Removing AP_RANGEFINDER_BENEWAKE_TF02_ENABLED
Removing AP_GPS_UBLOX_ENABLED
Removing AP_MOTORS_FRAME_OCTA_ENABLED
Removing AP_WINCH_PWM_ENABLED
Removing AP_NETWORKING_BACKEND_PPP
Removing HAL_GYROFFT_ENABLED
Removing AP_RCPROTOCOL_GHST_ENABLED
Removing AP_RPM_EFI_ENABLED
Removing AP_BARO_MSP_ENABLED
Removing AP_COMPASS_BMM350_ENABLED
Removing AP_BARO_DPS280_ENABLED
Removing AP_GPS_NMEA_ENABLED
Removing AP_NOTIFY_MAVLINK_LED_CONTROL_SUPPORT_ENABLED
Removing HAL_DISPLAY_ENABLED
Removing HAL_WITH_FRSKY_TELEM_BIDIRECTIONAL
Removing AP_WINCH_ENABLED
Removing AP_MOTORS_FRAME_OCTAQUAD_ENABLED
Removing AP_INERTIALSENSOR_HARMONICNOTCH_ENABLED
Removing HAL_MOUNT_TOPOTEK_ENABLED
Removing AP_FRSKY_D_TELEM_ENABLED
Removing AP_RPM_HARMONICNOTCH_ENABLED
Removing QAUTOTUNE_ENABLED
Removing AP_MAVLINK_MSG_MISSION_REQUEST_ENABLED
Removing AC_PRECLAND_IRLOCK_ENABLED
Removing AP_FENCE_ENABLED
Removing AP_RANGEFINDER_LWI2C_ENABLED
Removing HAL_SOLO_GIMBAL_ENABLED
Removing AP_RCPROTOCOL_MAVLINK_RADIO_ENABLED
Removing AP_BATTERY_ESC_TELEM_OUTBOUND_ENABLED
Removing HAL_BUTTON_ENABLED
Removing AP_TEMPERATURE_SENSOR_ENABLED
Removing AP_PLANE_GLIDER_PULLUP_ENABLED
Removing HAL_HOTT_TELEM_ENABLED
Removing AP_BATTERY_INA2XX_ENABLED
Removing AP_COMPASS_AK09916_ENABLED
Removing AP_PROXIMITY_TERARANGERTOWER_ENABLED
Removing AP_RPM_PIN_ENABLED
Removing HAL_ENABLE_DRONECAN_DRIVERS
Removing AP_RANGEFINDER_BENEWAKE_TFMINIPLUS_ENABLED
Removing AP_MAVLINK_RALLY_POINT_PROTOCOL_ENABLED
Removing AP_MISSION_NAV_PAYLOAD_PLACE_ENABLED
Removing AP_RANGEFINDER_PULSEDLIGHTLRF_ENABLED
Removing AC_PRECLAND_COMPANION_ENABLED
Removing AP_WINCH_DAIWA_ENABLED
Removing AP_DRONECAN_HIMARK_SERVO_SUPPORT
Removing HAL_MSP_SENSORS_ENABLED
Removing AP_ROVER_ADVANCED_FAILSAFE_ENABLED
Removing AP_QUICKTUNE_ENABLED
Removing HAL_SPEKTRUM_TELEM_ENABLED
Removing AP_OPTICALFLOW_PX4FLOW_ENABLED
Removing AP_COMPASS_QMC5883L_ENABLED
Removing AP_RSSI_ENABLED
Removing AP_COMPASS_HMC5843_ENABLED
Removing AP_PLANE_BLACKBOX_LOGGING
Removing AP_FRSKY_SPORT_PASSTHROUGH_ENABLED
Removing AP_RANGEFINDER_BENEWAKE_CAN_ENABLED
Removing MODE_GUIDED_NOGPS_ENABLED
Removing AP_RANGEFINDER_ANALOG_ENABLED
Removing HAL_MOUNT_XACTI_ENABLED
Removing AP_SDCARD_STORAGE_ENABLED
Removing AP_DRONECAN_VOLZ_FEEDBACK_ENABLED
Removing AP_BATTERY_SUM_ENABLED
Removing AP_MAVLINK_MSG_HIL_GPS_ENABLED
Removing AP_MOTORS_FRAME_DODECAHEXA_ENABLED
Removing AP_GENERATOR_IE_650_800_ENABLED
Removing AP_CAMERA_MAVLINK_ENABLED
Removing AP_ADVANCEDFAILSAFE_ENABLED
Removing AP_EFI_SERIAL_MS_ENABLED
Removing HAL_EXTERNAL_AHRS_ENABLED
Removing AP_MAVLINK_MSG_SERIAL_CONTROL_ENABLED
Removing OSD_ENABLED
Removing AP_MAVLINK_FTP_ENABLED
Removing AP_RANGEFINDER_JRE_SERIAL_ENABLED
Removing AP_COMPASS_AK8963_ENABLED
Removing AP_PROXIMITY_HEXSOONRADAR_ENABLED
Removing AP_BARO_LPS2XH_ENABLED
Removing AP_PROXIMITY_RPLIDARA2_ENABLED
Removing AP_RANGEFINDER_HC_SR04_ENABLED
Removing AP_RANGEFINDER_LANBAO_ENABLED
Removing AP_BATTERY_FUELFLOW_ENABLED
Removing HAL_ADSB_SAGETECH_ENABLED
Removing AP_FILESYSTEM_PARAM_ENABLED
Removing AP_MAVLINK_MAV_CMD_SET_HAGL_ENABLED
Removing AP_AIRSPEED_MS4525_ENABLED
Removing AP_TEMPERATURE_SENSOR_MLX90614_ENABLED
Removing COMPASS_LEARN_ENABLED
Removing AP_NOTIFY_PROFILED_SPI_ENABLED
Removing AP_MAVLINK_MSG_DEVICE_OP_ENABLED
Removing AP_BARO_BMP581_ENABLED
Removing AP_RPM_DRONECAN_ENABLED
Removing AP_CRASHDUMP_ENABLED
Removing AP_OSD_LINK_STATS_EXTENSIONS_ENABLED
Removing MODE_FLOWHOLD_ENABLED
Removing AP_FILESYSTEM_SYS_ENABLED
Removing HAL_MSP_RANGEFINDER_ENABLED
Removing AP_CAMERA_SEND_FOV_STATUS_ENABLED
Removing EK3_FEATURE_OPTFLOW_FUSION
Removing AP_OPTICALFLOW_ENABLED
Removing HAL_LOGGING_ENABLED
Removing AP_AIRSPEED_MSP_ENABLED
Removing AP_RANGEFINDER_LEDDARVU8_ENABLED
Removing AP_RCPROTOCOL_PPMSUM_ENABLED
Removing AP_BATTERY_FUELLEVEL_PWM_ENABLED
Setup for MCU STM32F405xx
No default parameter file found
Writing hwdef setup in /workdir/copter-MatekF405-TE-72cdb3e15dcc93cc739e57642097bed1/MatekF405-TE/hwdef.h
Writing DMA map
Setting up as normal
Generating ldscript.ld
Embedding file font0.bin:libraries/AP_OSD/fonts/font0.bin
Embedding file hwdef.dat:/workdir/copter-MatekF405-TE-72cdb3e15dcc93cc739e57642097bed1/MatekF405-TE/hw.dat
[ 3/10] Creating ../MatekF405-TE/hwdef.h
[ 4/10] Creating ../MatekF405-TE/modules/ChibiOS/include_dirs
[ 5/10] Compiling libraries/AP_Scripting/generator/src/main.c
[ 6/10] Processing modules/mavlink/message_definitions/v1.0/all.xml
[ 7/10] Creating ../MatekF405-TE/ap_version.h
[ 8/10] Creating ../MatekF405-TE/chibios_flags.h
Validation skipped for /workdir/copter-MatekF405-TE-72cdb3e15dcc93cc739e57642097bed1/build_src/modules/mavlink/message_definitions/v1.0/all.xml.
Parsing /workdir/copter-MatekF405-TE-72cdb3e15dcc93cc739e57642097bed1/build_src/modules/mavlink/message_definitions/v1.0/all.xml
Validation skipped for /workdir/copter-MatekF405-TE-72cdb3e15dcc93cc739e57642097bed1/build_src/modules/mavlink/message_definitions/v1.0/ardupilotmega.xml.
Parsing /workdir/copter-MatekF405-TE-72cdb3e15dcc93cc739e57642097bed1/build_src/modules/mavlink/message_definitions/v1.0/ardupilotmega.xml
Validation skipped for /workdir/copter-MatekF405-TE-72cdb3e15dcc93cc739e57642097bed1/build_src/modules/mavlink/message_definitions/v1.0/ASLUAV.xml.
Parsing /workdir/copter-MatekF405-TE-72cdb3e15dcc93cc739e57642097bed1/build_src/modules/mavlink/message_definitions/v1.0/ASLUAV.xml
Validation skipped for /workdir/copter-MatekF405-TE-72cdb3e15dcc93cc739e57642097bed1/build_src/modules/mavlink/message_definitions/v1.0/common.xml.
Parsing /workdir/copter-MatekF405-TE-72cdb3e15dcc93cc739e57642097bed1/build_src/modules/mavlink/message_definitions/v1.0/common.xml
Validation skipped for /workdir/copter-MatekF405-TE-72cdb3e15dcc93cc739e57642097bed1/build_src/modules/mavlink/message_definitions/v1.0/development.xml.
Parsing /workdir/copter-MatekF405-TE-72cdb3e15dcc93cc739e57642097bed1/build_src/modules/mavlink/message_definitions/v1.0/development.xml
Validation skipped for /workdir/copter-MatekF405-TE-72cdb3e15dcc93cc739e57642097bed1/build_src/modules/mavlink/message_definitions/v1.0/icarous.xml.
Parsing /workdir/copter-MatekF405-TE-72cdb3e15dcc93cc739e57642097bed1/build_src/modules/mavlink/message_definitions/v1.0/icarous.xml
Validation skipped for /workdir/copter-MatekF405-TE-72cdb3e15dcc93cc739e57642097bed1/build_src/modules/mavlink/message_definitions/v1.0/minimal.xml.
Parsing /workdir/copter-MatekF405-TE-72cdb3e15dcc93cc739e57642097bed1/build_src/modules/mavlink/message_definitions/v1.0/minimal.xml
Validation skipped for /workdir/copter-MatekF405-TE-72cdb3e15dcc93cc739e57642097bed1/build_src/modules/mavlink/message_definitions/v1.0/python_array_test.xml.
Parsing /workdir/copter-MatekF405-TE-72cdb3e15dcc93cc739e57642097bed1/build_src/modules/mavlink/message_definitions/v1.0/python_array_test.xml
Validation skipped for /workdir/copter-MatekF405-TE-72cdb3e15dcc93cc739e57642097bed1/build_src/modules/mavlink/message_definitions/v1.0/standard.xml.
Parsing /workdir/copter-MatekF405-TE-72cdb3e15dcc93cc739e57642097bed1/build_src/modules/mavlink/message_definitions/v1.0/standard.xml
Validation skipped for /workdir/copter-MatekF405-TE-72cdb3e15dcc93cc739e57642097bed1/build_src/modules/mavlink/message_definitions/v1.0/test.xml.
Parsing /workdir/copter-MatekF405-TE-72cdb3e15dcc93cc739e57642097bed1/build_src/modules/mavlink/message_definitions/v1.0/test.xml
Validation skipped for /workdir/copter-MatekF405-TE-72cdb3e15dcc93cc739e57642097bed1/build_src/modules/mavlink/message_definitions/v1.0/ualberta.xml.
Parsing /workdir/copter-MatekF405-TE-72cdb3e15dcc93cc739e57642097bed1/build_src/modules/mavlink/message_definitions/v1.0/ualberta.xml
Validation skipped for /workdir/copter-MatekF405-TE-72cdb3e15dcc93cc739e57642097bed1/build_src/modules/mavlink/message_definitions/v1.0/uAvionix.xml.
Parsing /workdir/copter-MatekF405-TE-72cdb3e15dcc93cc739e57642097bed1/build_src/modules/mavlink/message_definitions/v1.0/uAvionix.xml
Validation skipped for /workdir/copter-MatekF405-TE-72cdb3e15dcc93cc739e57642097bed1/build_src/modules/mavlink/message_definitions/v1.0/loweheiser.xml.
Parsing /workdir/copter-MatekF405-TE-72cdb3e15dcc93cc739e57642097bed1/build_src/modules/mavlink/message_definitions/v1.0/loweheiser.xml
Validation skipped for /workdir/copter-MatekF405-TE-72cdb3e15dcc93cc739e57642097bed1/build_src/modules/mavlink/message_definitions/v1.0/storm32.xml.
Parsing /workdir/copter-MatekF405-TE-72cdb3e15dcc93cc739e57642097bed1/build_src/modules/mavlink/message_definitions/v1.0/storm32.xml
Validation skipped for /workdir/copter-MatekF405-TE-72cdb3e15dcc93cc739e57642097bed1/build_src/modules/mavlink/message_definitions/v1.0/AVSSUAS.xml.
Parsing /workdir/copter-MatekF405-TE-72cdb3e15dcc93cc739e57642097bed1/build_src/modules/mavlink/message_definitions/v1.0/AVSSUAS.xml
Validation skipped for /workdir/copter-MatekF405-TE-72cdb3e15dcc93cc739e57642097bed1/build_src/modules/mavlink/message_definitions/v1.0/cubepilot.xml.
Parsing /workdir/copter-MatekF405-TE-72cdb3e15dcc93cc739e57642097bed1/build_src/modules/mavlink/message_definitions/v1.0/cubepilot.xml
Validation skipped for /workdir/copter-MatekF405-TE-72cdb3e15dcc93cc739e57642097bed1/build_src/modules/mavlink/message_definitions/v1.0/csAirLink.xml.
Parsing /workdir/copter-MatekF405-TE-72cdb3e15dcc93cc739e57642097bed1/build_src/modules/mavlink/message_definitions/v1.0/csAirLink.xml
Merged enum MAV_CMD
Merged enum MAV_CMD
Merged enum MAV_CMD
Merged enum MAV_CMD
Merged enum MAV_CMD
Merged enum MAV_CMD
Found 342 MAVLink message types in 17 XML files
Generating C implementation in directory /workdir/copter-MatekF405-TE-72cdb3e15dcc93cc739e57642097bed1/MatekF405-TE/libraries/GCS_MAVLink/include/mavlink/v2.0/all
Generating C implementation in directory /workdir/copter-MatekF405-TE-72cdb3e15dcc93cc739e57642097bed1/MatekF405-TE/libraries/GCS_MAVLink/include/mavlink/v2.0/ardupilotmega
[ 9/10] Processing /workdir/copter-MatekF405-TE-72cdb3e15dcc93cc739e57642097bed1/MatekF405-TE/libraries/AP_Scripting/lua_generated_bindings.cpp,/workdir/copter-MatekF405-TE-72cdb3e15dcc93cc739e57642097bed1/MatekF405-TE/libraries/AP_Scripting/lua_generated_bindings.h: libraries/AP_Scripting/generator/description/bindings.desc ../MatekF405-TE/gen-bindings -> ../MatekF405-TE/libraries/AP_Scripting/lua_generated_bindings.cpp ../MatekF405-TE/libraries/AP_Scripting/lua_generated_bindings.h
Generating C implementation in directory /workdir/copter-MatekF405-TE-72cdb3e15dcc93cc739e57642097bed1/MatekF405-TE/libraries/GCS_MAVLink/include/mavlink/v2.0/ASLUAV
Generating C implementation in directory /workdir/copter-MatekF405-TE-72cdb3e15dcc93cc739e57642097bed1/MatekF405-TE/libraries/GCS_MAVLink/include/mavlink/v2.0/common
Including /workdir/copter-MatekF405-TE-72cdb3e15dcc93cc739e57642097bed1/build_src/libraries/AP_HAL_ChibiOS/hwdef/include/minimize_fpv_osd.inc
Including /workdir/copter-MatekF405-TE-72cdb3e15dcc93cc739e57642097bed1/build_src/libraries/AP_HAL_ChibiOS/hwdef/include/minimize_common.inc
Removing HAL_MSP_GPS_ENABLED
Removing AP_BATTERY_SMBUS_ENABLED
Including /workdir/copter-MatekF405-TE-72cdb3e15dcc93cc739e57642097bed1/build_src/libraries/AP_HAL_ChibiOS/hwdef/include/no_bootloader_DFU.inc
Removing HAL_SOARING_ENABLED
Removing AP_BARO_BMP280_ENABLED
Removing AP_AIRSPEED_SDP3X_ENABLED
Removing AP_NOTIFY_NEOPIXEL_ENABLED
Removing AP_MAVLINK_MSG_MOUNT_CONFIGURE_ENABLED
Removing AP_NOTIFY_PROFILED_ENABLED
Removing AP_RANGEFINDER_USD1_SERIAL_ENABLED
Removing AP_MAVLINK_MSG_VIDEO_STREAM_INFORMATION_ENABLED
Removing AP_MAVLINK_BATTERY2_ENABLED
Removing HAL_MSP_ENABLED
Removing AP_RANGEFINDER_TOFSENSEF_I2C_ENABLED
Removing HAL_ADSB_UCP_ENABLED
Removing AP_RPM_ESC_TELEM_ENABLED
Removing HAL_MOUNT_STORM32SERIAL_ENABLED
Removing AP_PROXIMITY_MAV_ENABLED
Removing AP_RANGEFINDER_TRI2C_ENABLED
Removing AP_LTM_TELEM_ENABLED
Removing AP_AIRSPEED_MS5525_ENABLED
Removing AP_RANGEFINDER_NRA24_CAN_ENABLED
Removing AP_COMPASS_MMC5XX3_ENABLED
Removing AP_RANGEFINDER_BENEWAKE_TFMINI_ENABLED
Removing AP_MOTORS_FRAME_Y6_ENABLED
Removing AP_MOTORS_FRAME_HEXA_ENABLED
Removing AP_GPS_NOVA_ENABLED
Removing AP_COMPASS_IST8310_ENABLED
Removing AP_OPTICALFLOW_PIXART_ENABLED
Removing AP_GPS_BLENDED_ENABLED
Removing AP_COMPASS_LSM9DS1_ENABLED
Removing HAL_CRSF_TELEM_ENABLED
Removing AP_EXTERNAL_AHRS_INERTIALLABS_ENABLED
Removing HAL_NAVEKF3_AVAILABLE
Removing AP_COMPASS_RM3100_ENABLED
Removing MODE_SPORT_ENABLED
Removing AP_PROXIMITY_DRONECAN_ENABLED
Removing HAL_NAVEKF2_AVAILABLE
Removing AP_BARO_SPL06_ENABLED
Removing AP_FILESYSTEM_FORMAT_ENABLED
Removing MODE_BRAKE_ENABLED
Removing AP_RANGEFINDER_BLPING_ENABLED
Removing AP_RPM_GENERATOR_ENABLED
Removing AP_SBUSOUTPUT_ENABLED
Removing AP_SERIALMANAGER_REGISTER_ENABLED
Removing AP_RC_CHANNEL_AUX_FUNCTION_STRINGS_ENABLED
Removing AP_CAMERA_INFO_FROM_SCRIPT_ENABLED
Removing AP_AIRSPEED_ENABLED
Removing HAL_WITH_MSP_DISPLAYPORT
Removing HAL_CRSF_TELEM_TEXT_SELECTION_ENABLED
Removing AP_RANGEFINDER_DRONECAN_ENABLED
Removing AC_PAYLOAD_PLACE_ENABLED
Removing AP_RANGEFINDER_NOOPLOOP_ENABLED
Removing AP_PROXIMITY_LIGHTWARE_SF45B_ENABLED
Removing AP_MOTORS_FRAME_QUAD_ENABLED
Removing HAL_MOUNT_GREMSY_ENABLED
Removing AP_GPS_SBP_ENABLED
Removing AP_PROXIMITY_LIGHTWARE_SF40C_ENABLED
Removing MODE_FLIP_ENABLED
Removing AP_NOTIFY_TONEALARM_ENABLED
Removing AP_RELAY_ENABLED
Removing AP_CAMERA_SEND_THERMAL_RANGE_ENABLED
Removing AP_RCPROTOCOL_SUMD_ENABLED
Removing AP_FRSKY_TELEM_ENABLED
Removing AP_FETTEC_ONEWIRE_ENABLED
Removing AP_COMPASS_DRONECAN_ENABLED
Removing AP_MAVLINK_SERVO_RELAY_ENABLED
Removing AP_RCPROTOCOL_ST24_ENABLED
Removing HAL_MOUNT_ALEXMOS_ENABLED
Removing AC_POLYFENCE_FENCE_POINT_PROTOCOL_SUPPORT
Removing AP_GHST_TELEM_ENABLED
Removing MODE_SYSTEMID_ENABLED
Removing AP_BATTERY_FUELLEVEL_ANALOG_ENABLED
Removing HAL_ADSB_UAVIONIX_MAVLINK_ENABLED
Removing FORCE_APJ_DEFAULT_PARAMETERS
Removing AP_EXTERNAL_AHRS_MICROSTRAIN7_ENABLED
Removing AP_GPS_SIRF_ENABLED
Removing AP_GPS_SBF_ENABLED
Removing MODE_ZIGZAG_ENABLED
Removing AP_COMPASS_ICM20948_ENABLED
Removing AP_LANDINGGEAR_ENABLED
Removing AP_RANGEFINDER_VL53L0X_ENABLED
Removing AP_ROBOTISSERVO_ENABLED
Removing AP_COMPASS_IST8308_ENABLED
Removing AP_PROXIMITY_MR72_ENABLED
Removing AP_OPTICALFLOW_ONBOARD_ENABLED
Removing AP_GENERATOR_IE_2400_ENABLED
Removing HAL_GENERATOR_ENABLED
Removing AP_GENERATOR_RICHENPOWER_ENABLED
Removing AP_CAN_SLCAN_ENABLED
Removing AP_NOTIFY_MAVLINK_PLAY_TUNE_SUPPORT_ENABLED
Removing AP_BARO_MS56XX_ENABLED
Removing AP_DRONECAN_SERIAL_ENABLED
Removing AP_COMPASS_IIS2MDC_ENABLED
Removing AP_TEMPCALIBRATION_ENABLED
Removing AP_RANGEFINDER_TOFSENSEP_CAN_ENABLED
Removing AP_RANGEFINDER_VL53L1X_ENABLED
Removing AP_EFI_SERIAL_HIRTH_ENABLED
Removing EK3_FEATURE_EXTERNAL_NAV
Removing AP_COMPASS_MSP_ENABLED
Removing AP_OPTICALFLOW_MAV_ENABLED
Removing AP_TRAMP_ENABLED
Removing AP_COMPASS_CALIBRATION_FIXED_YAW_ENABLED
Removing AP_GPS_SBP2_ENABLED
Removing AP_COMPASS_EXTERNALAHRS_ENABLED
Removing HAL_VISUALODOM_ENABLED
Removing AP_BATTERY_SYNTHETIC_CURRENT_ENABLED
Removing AP_CAMERA_MAVLINKCAMV2_ENABLED
Removing MODE_TURTLE_ENABLED
Removing AP_BATTERY_SMBUS_ENABLED
Removing AP_EFI_CURRAWONG_ECU_ENABLED
Removing AP_VOLZ_ENABLED
Removing HAL_BARO_WIND_COMP_ENABLED
Removing AP_EFI_NWPWU_ENABLED
Removing AP_RANGEFINDER_MAXSONARI2CXL_ENABLED
Removing HAL_RUNCAM_ENABLED
Removing HAL_MOUNT_STORM32MAVLINK_ENABLED
Removing AP_RCPROTOCOL_SRXL2_ENABLED
Removing AP_RCPROTOCOL_SBUS_ENABLED
Removing HAL_TORQEEDO_ENABLED
Removing AP_GPS_GSOF_ENABLED
Removing AP_BARO_BMP085_ENABLED
Removing AP_AIRSPEED_ANALOG_ENABLED
Removing AP_TEMPERATURE_SENSOR_MCP9600_ENABLED
Removing AP_VIDEOTX_ENABLED
Removing HAL_MSP_OPTICALFLOW_ENABLED
Removing HAL_MOUNT_VIEWPRO_ENABLED
Removing AP_CAMERA_ENABLED
Removing AP_FILESYSTEM_MISSION_ENABLED
Removing AP_AIRSPEED_DLVR_ENABLED
Removing AP_RANGEFINDER_TERARANGER_SERIAL_ENABLED
Removing AP_BOOTLOADER_FLASHING_ENABLED
Removing COMPASS_CAL_ENABLED
Removing AP_INERTIALSENSOR_BATCHSAMPLER_ENABLED
Removing AP_AIS_ENABLED
Removing AP_RANGEFINDER_RDS02UF_ENABLED
Removing HAL_OSD_SIDEBAR_ENABLE
Removing AP_COMPASS_MMC3416_ENABLED
Removing AP_OAPATHPLANNER_ENABLED
Removing AP_CAMERA_SOLOGIMBAL_ENABLED
Removing AP_RCPROTOCOL_ENABLED
Removing AP_PLANE_OFFBOARD_GUIDED_SLEW_ENABLED
Removing AP_SCRIPTING_SERIALDEVICE_ENABLED
Removing AP_CAMERA_RELAY_ENABLED
Removing AP_RPM_ENABLED
Removing AP_RANGEFINDER_NMEA_ENABLED
Removing AP_OPTICALFLOW_UPFLOW_ENABLED
Removing AP_COMPASS_LSM303D_ENABLED
Removing AP_GRIPPER_ENABLED
Removing OSD_PARAM_ENABLED
Removing AP_MOTORS_FRAME_DECA_ENABLED
Removing AP_RANGEFINDER_PWM_ENABLED
Removing AP_RCPROTOCOL_SRXL_ENABLED
Removing AP_CAMERA_MOUNT_ENABLED
Removing AC_PRECLAND_ENABLED
Removing AP_SMARTAUDIO_ENABLED
Removing AP_MAVLINK_MSG_RC_CHANNELS_RAW_ENABLED
Removing AP_EFI_DRONECAN_ENABLED
Removing AP_BARO_FBM320_ENABLED
Removing AP_FRSKY_SPORT_TELEM_ENABLED
Removing HAL_PICCOLO_CAN_ENABLE
Removing HAL_MOUNT_SIYI_ENABLED
Removing AP_PROXIMITY_CYGBOT_ENABLED
Removing AP_BARO_DRONECAN_ENABLED
Removing AP_MSP_INAV_FONTS_ENABLED
Removing MODE_FOLLOW_ENABLED
Removing AP_AIRSPEED_DRONECAN_ENABLED
Removing AP_BEACON_ENABLED
Removing AP_BARO_PROBE_EXTERNAL_I2C_BUSES
Removing AP_RANGEFINDER_HEXSOONRADAR_ENABLED
Removing AP_CAMERA_SERVO_ENABLED
Removing AP_GPS_NMEA_UNICORE_ENABLED
Removing AP_GPS_MAV_ENABLED
Removing AP_SERIALMANAGER_IMUOUT_ENABLED
Removing AP_BARO_EXTERNALAHRS_ENABLED
Removing HAL_PLUSCODE_ENABLE
Removing AP_TEMPERATURE_SENSOR_TSYS03_ENABLED
Removing AP_SCRIPTING_ENABLED
Removing AP_ICENGINE_ENABLED
Removing HAL_ADSB_SAGETECH_MXS_ENABLED
Removing AP_COMPASS_LIS3MDL_ENABLED
Removing AP_EFI_MAV_ENABLED
Removing HAL_ADSB_ENABLED
Removing AP_INERTIALSENSOR_KILL_IMU_ENABLED
Removing AP_OPENDRONEID_ENABLED
Removing AP_MAVLINK_AUTOPILOT_VERSION_REQUEST_ENABLED
Removing AP_NOTIFY_NCP5623_ENABLED
Removing AP_EXTERNAL_AHRS_MICROSTRAIN5_ENABLED
Removing AP_SERVORELAYEVENTS_ENABLED
Removing AP_EXTERNAL_AHRS_VECTORNAV_ENABLED
Removing AP_RANGEFINDER_BENEWAKE_TF03_ENABLED
Removing AP_EFI_SERIAL_LUTAN_ENABLED
Removing HAL_SPRAYER_ENABLED
Removing HAL_PROXIMITY_ENABLED
Removing HAL_MOUNT_CADDX_ENABLED
Removing AP_MAVLINK_MAV_CMD_REQUEST_AUTOPILOT_CAPABILITIES_ENABLED
Removing AP_OPTICALFLOW_CXOF_ENABLED
Removing EK3_FEATURE_DRAG_FUSION
Removing AP_RANGEFINDER_GYUS42V2_ENABLED
Removing AP_MAVLINK_MSG_RELAY_STATUS_ENABLED
Removing AP_TUNING_ENABLED
Removing AP_RANGEFINDER_LEDDARONE_ENABLED
Removing AP_COMPASS_BMM150_ENABLED
Removing AP_COMPASS_DRONECAN_HIRES_ENABLED
Removing AP_AVOIDANCE_ENABLED
Removing HAL_PARACHUTE_ENABLED
Removing AP_RANGEFINDER_ENABLED
Removing HAL_MOUNT_SERVO_ENABLED
Removing AP_MAVLINK_MSG_MOUNT_CONTROL_ENABLED
Removing AP_TEMPERATURE_SENSOR_TSYS01_ENABLED
Removing AP_BARO_BMP388_ENABLED
Removing HAL_LANDING_DEEPSTALL_ENABLED
Removing AP_CUSTOMROTATIONS_ENABLED
Removing AP_DRONECAN_HOBBYWING_ESC_SUPPORT
Removing HAL_HIGH_LATENCY2_ENABLED
Removing AP_RANGEFINDER_WASP_ENABLED
Removing AP_PROXIMITY_RANGEFINDER_ENABLED
Removing AP_EXTENDED_ESC_TELEM_ENABLED
Removing HAL_MSP_GPS_ENABLED
Removing AP_KDECAN_ENABLED
Removing AP_GPS_ERB_ENABLED
Removing AP_NETWORKING_CAN_MCAST_ENABLED
Removing AP_AIRSPEED_NMEA_ENABLED
Removing AP_RCPROTOCOL_CRSF_ENABLED
Removing AP_COMPASS_MAG3110_ENABLED
Removing AP_RANGEFINDER_LUA_ENABLED
Removing AP_RANGEFINDER_MAXBOTIX_SERIAL_ENABLED
Removing AP_IBUS_TELEM_ENABLED
Removing HAL_RALLY_ENABLED
Removing AP_COMPASS_QMC5883P_ENABLED
Removing AP_BATTERY_WATT_MAX_ENABLED
Removing HAL_INS_TEMPERATURE_CAL_ENABLE
Removing AP_RANGEFINDER_MAVLINK_ENABLED
Removing HAL_MOUNT_ENABLED
Removing AP_CAN_LOGGING_ENABLED
Removing HAL_EFI_ENABLED
Removing AP_RANGEFINDER_USD1_CAN_ENABLED
Removing HAL_PERIPH_SUPPORT_LONG_CAN_PRINTF
Removing HAL_NMEA_OUTPUT_ENABLED
Removing AP_AIRSPEED_ASP5033_ENABLED
Removing HAL_QUADPLANE_ENABLED
Removing AP_FILESYSTEM_ROMFS_ENABLED
Removing AP_COPTER_ADVANCED_FAILSAFE_ENABLED
Removing AP_DRONECAN_SEND_GPS
Removing AP_RCPROTOCOL_IBUS_ENABLED
Removing AP_OPTICALFLOW_HEREFLOW_ENABLED
Removing AP_RANGEFINDER_LIGHTWARE_SERIAL_ENABLED
Removing AP_PROXIMITY_TERARANGERTOWEREVO_ENABLED
Removing AP_PLANE_SYSTEMID_ENABLED
Removing GPS_MOVING_BASELINE
Removing AP_BARO_KELLERLD_ENABLED
Removing AP_RANGEFINDER_BENEWAKE_TF02_ENABLED
Removing AP_GPS_UBLOX_ENABLED
Removing AP_MOTORS_FRAME_OCTA_ENABLED
Removing AP_WINCH_PWM_ENABLED
Removing AP_NETWORKING_BACKEND_PPP
Removing HAL_GYROFFT_ENABLED
Removing AP_RCPROTOCOL_GHST_ENABLED
Removing AP_RPM_EFI_ENABLED
Removing AP_BARO_MSP_ENABLED
Removing AP_COMPASS_BMM350_ENABLED
Removing AP_BARO_DPS280_ENABLED
Removing AP_GPS_NMEA_ENABLED
Removing AP_NOTIFY_MAVLINK_LED_CONTROL_SUPPORT_ENABLED
Removing HAL_DISPLAY_ENABLED
Removing HAL_WITH_FRSKY_TELEM_BIDIRECTIONAL
Removing AP_WINCH_ENABLED
Removing AP_MOTORS_FRAME_OCTAQUAD_ENABLED
Removing AP_INERTIALSENSOR_HARMONICNOTCH_ENABLED
Removing HAL_MOUNT_TOPOTEK_ENABLED
Removing AP_FRSKY_D_TELEM_ENABLED
Removing AP_RPM_HARMONICNOTCH_ENABLED
Removing QAUTOTUNE_ENABLED
Removing AP_MAVLINK_MSG_MISSION_REQUEST_ENABLED
Removing AC_PRECLAND_IRLOCK_ENABLED
Removing AP_FENCE_ENABLED
Removing AP_RANGEFINDER_LWI2C_ENABLED
Removing HAL_SOLO_GIMBAL_ENABLED
Removing AP_RCPROTOCOL_MAVLINK_RADIO_ENABLED
Removing AP_BATTERY_ESC_TELEM_OUTBOUND_ENABLED
Removing HAL_BUTTON_ENABLED
Removing AP_TEMPERATURE_SENSOR_ENABLED
Removing AP_PLANE_GLIDER_PULLUP_ENABLED
Removing HAL_HOTT_TELEM_ENABLED
Removing AP_BATTERY_INA2XX_ENABLED
Removing AP_COMPASS_AK09916_ENABLED
Removing AP_PROXIMITY_TERARANGERTOWER_ENABLED
Removing AP_RPM_PIN_ENABLED
Removing HAL_ENABLE_DRONECAN_DRIVERS
Removing AP_RANGEFINDER_BENEWAKE_TFMINIPLUS_ENABLED
Removing AP_MAVLINK_RALLY_POINT_PROTOCOL_ENABLED
Removing AP_MISSION_NAV_PAYLOAD_PLACE_ENABLED
Removing AP_RANGEFINDER_PULSEDLIGHTLRF_ENABLED
Removing AC_PRECLAND_COMPANION_ENABLED
Removing AP_WINCH_DAIWA_ENABLED
Removing AP_DRONECAN_HIMARK_SERVO_SUPPORT
Removing HAL_MSP_SENSORS_ENABLED
Removing AP_ROVER_ADVANCED_FAILSAFE_ENABLED
Removing AP_QUICKTUNE_ENABLED
Removing HAL_SPEKTRUM_TELEM_ENABLED
Removing AP_OPTICALFLOW_PX4FLOW_ENABLED
Removing AP_COMPASS_QMC5883L_ENABLED
Removing AP_RSSI_ENABLED
Removing AP_COMPASS_HMC5843_ENABLED
Removing AP_PLANE_BLACKBOX_LOGGING
Removing AP_FRSKY_SPORT_PASSTHROUGH_ENABLED
Removing AP_RANGEFINDER_BENEWAKE_CAN_ENABLED
Removing MODE_GUIDED_NOGPS_ENABLED
Removing AP_RANGEFINDER_ANALOG_ENABLED
Removing HAL_MOUNT_XACTI_ENABLED
Removing AP_SDCARD_STORAGE_ENABLED
Removing AP_DRONECAN_VOLZ_FEEDBACK_ENABLED
Removing AP_BATTERY_SUM_ENABLED
Removing AP_MAVLINK_MSG_HIL_GPS_ENABLED
Removing AP_MOTORS_FRAME_DODECAHEXA_ENABLED
Removing AP_GENERATOR_IE_650_800_ENABLED
Removing AP_CAMERA_MAVLINK_ENABLED
Removing AP_ADVANCEDFAILSAFE_ENABLED
Removing AP_EFI_SERIAL_MS_ENABLED
Removing HAL_EXTERNAL_AHRS_ENABLED
Removing AP_MAVLINK_MSG_SERIAL_CONTROL_ENABLED
Removing OSD_ENABLED
Removing AP_MAVLINK_FTP_ENABLED
Removing AP_RANGEFINDER_JRE_SERIAL_ENABLED
Removing AP_COMPASS_AK8963_ENABLED
Removing AP_PROXIMITY_HEXSOONRADAR_ENABLED
Removing AP_BARO_LPS2XH_ENABLED
Removing AP_PROXIMITY_RPLIDARA2_ENABLED
Removing AP_RANGEFINDER_HC_SR04_ENABLED
Removing AP_RANGEFINDER_LANBAO_ENABLED
Removing AP_BATTERY_FUELFLOW_ENABLED
Removing HAL_ADSB_SAGETECH_ENABLED
Removing AP_FILESYSTEM_PARAM_ENABLED
Removing AP_MAVLINK_MAV_CMD_SET_HAGL_ENABLED
Removing AP_AIRSPEED_MS4525_ENABLED
Removing AP_TEMPERATURE_SENSOR_MLX90614_ENABLED
Removing COMPASS_LEARN_ENABLED
Removing AP_NOTIFY_PROFILED_SPI_ENABLED
Removing AP_MAVLINK_MSG_DEVICE_OP_ENABLED
Removing AP_BARO_BMP581_ENABLED
Removing AP_RPM_DRONECAN_ENABLED
Removing AP_CRASHDUMP_ENABLED
Removing AP_OSD_LINK_STATS_EXTENSIONS_ENABLED
Removing MODE_FLOWHOLD_ENABLED
Removing AP_FILESYSTEM_SYS_ENABLED
Removing HAL_MSP_RANGEFINDER_ENABLED
Removing AP_CAMERA_SEND_FOV_STATUS_ENABLED
Removing EK3_FEATURE_OPTFLOW_FUSION
Removing AP_OPTICALFLOW_ENABLED
Removing HAL_LOGGING_ENABLED
Removing AP_AIRSPEED_MSP_ENABLED
Removing AP_RANGEFINDER_LEDDARVU8_ENABLED
Removing AP_RCPROTOCOL_PPMSUM_ENABLED
Removing AP_BATTERY_FUELLEVEL_PWM_ENABLED
Setup for MCU STM32F405xx
No default parameter file found
Writing hwdef setup in /workdir/copter-MatekF405-TE-72cdb3e15dcc93cc739e57642097bed1/MatekF405-TE/hwdef.h
Writing DMA map
Setting up as normal
No change in hwdef.h
Generating ldscript.ld

Generating C implementation in directory /workdir/copter-MatekF405-TE-72cdb3e15dcc93cc739e57642097bed1/MatekF405-TE/libraries/GCS_MAVLink/include/mavlink/v2.0/development
Generating C implementation in directory /workdir/copter-MatekF405-TE-72cdb3e15dcc93cc739e57642097bed1/MatekF405-TE/libraries/GCS_MAVLink/include/mavlink/v2.0/icarous
Generating C implementation in directory /workdir/copter-MatekF405-TE-72cdb3e15dcc93cc739e57642097bed1/MatekF405-TE/libraries/GCS_MAVLink/include/mavlink/v2.0/minimal
Generating C implementation in directory /workdir/copter-MatekF405-TE-72cdb3e15dcc93cc739e57642097bed1/MatekF405-TE/libraries/GCS_MAVLink/include/mavlink/v2.0/python_array_test
Generating C implementation in directory /workdir/copter-MatekF405-TE-72cdb3e15dcc93cc739e57642097bed1/MatekF405-TE/libraries/GCS_MAVLink/include/mavlink/v2.0/standard
Generating C implementation in directory /workdir/copter-MatekF405-TE-72cdb3e15dcc93cc739e57642097bed1/MatekF405-TE/libraries/GCS_MAVLink/include/mavlink/v2.0/test
Generating C implementation in directory /workdir/copter-MatekF405-TE-72cdb3e15dcc93cc739e57642097bed1/MatekF405-TE/libraries/GCS_MAVLink/include/mavlink/v2.0/ualberta
Generating C implementation in directory /workdir/copter-MatekF405-TE-72cdb3e15dcc93cc739e57642097bed1/MatekF405-TE/libraries/GCS_MAVLink/include/mavlink/v2.0/uAvionix
Generating C implementation in directory /workdir/copter-MatekF405-TE-72cdb3e15dcc93cc739e57642097bed1/MatekF405-TE/libraries/GCS_MAVLink/include/mavlink/v2.0/loweheiser
Generating C implementation in directory /workdir/copter-MatekF405-TE-72cdb3e15dcc93cc739e57642097bed1/MatekF405-TE/libraries/GCS_MAVLink/include/mavlink/v2.0/storm32
Generating C implementation in directory /workdir/copter-MatekF405-TE-72cdb3e15dcc93cc739e57642097bed1/MatekF405-TE/libraries/GCS_MAVLink/include/mavlink/v2.0/AVSSUAS
Generating C implementation in directory /workdir/copter-MatekF405-TE-72cdb3e15dcc93cc739e57642097bed1/MatekF405-TE/libraries/GCS_MAVLink/include/mavlink/v2.0/cubepilot
Generating C implementation in directory /workdir/copter-MatekF405-TE-72cdb3e15dcc93cc739e57642097bed1/MatekF405-TE/libraries/GCS_MAVLink/include/mavlink/v2.0/csAirLink
Copying fixed headers for protocol 2.0 to /workdir/copter-MatekF405-TE-72cdb3e15dcc93cc739e57642097bed1/MatekF405-TE/libraries/GCS_MAVLink/include/mavlink/v2.0
[10/10] Linking ../MatekF405-TE/modules/ChibiOS/libch.a
[1/111] ChibiOS: Compiling crt0_v7m.S
[2/111] ChibiOS: Compiling vectors.S
[3/111] ChibiOS: Compiling chcoreasm.S
[4/111] ChibiOS: Compiling ff.c
[5/111] ChibiOS: Compiling ffunicode.c
[6/111] ChibiOS: Compiling chcore.c
[7/111] ChibiOS: Compiling crt1.c
[8/111] ChibiOS: Compiling bufstreams.c
[9/111] ChibiOS: Compiling chprintf.c
[10/111] ChibiOS: Compiling chscanf.c
[11/111] ChibiOS: Compiling memstreams.c
[12/111] ChibiOS: Compiling nullstreams.c
[13/111] ChibiOS: Compiling osal.c
[14/111] ChibiOS: Compiling hal_adc_lld.c
[15/111] ChibiOS: Compiling hal_can_lld.c
[16/111] ChibiOS: Compiling hal_crypto_lld.c
[17/111] ChibiOS: Compiling hal_dac_lld.c
[18/111] ChibiOS: Compiling stm32_dma.c
[19/111] ChibiOS: Compiling stm32_exti.c
[20/111] ChibiOS: Compiling hal_pal_lld.c
[21/111] ChibiOS: Compiling hal_i2c_lld.c
[22/111] ChibiOS: Compiling hal_mac_lld.c
[23/111] ChibiOS: Compiling hal_usb_lld.c
[24/111] ChibiOS: Compiling hal_wspi_lld.c
[25/111] ChibiOS: Compiling hal_rtc_lld.c
[26/111] ChibiOS: Compiling hal_sdc_lld.c
[27/111] ChibiOS: Compiling hal_i2s_lld.c
[29/111] ChibiOS: Compiling hal_st_lld.c
[30/111] ChibiOS: Compiling hal_eicu_lld.c
[31/111] ChibiOS: Compiling hal_gpt_lld.c
[28/111] ChibiOS: Compiling hal_spi_lld.c
[32/111] ChibiOS: Compiling hal_icu_lld.c
[34/111] ChibiOS: Compiling hal_serial_lld.c
[33/111] ChibiOS: Compiling hal_pwm_lld.c
[35/111] ChibiOS: Compiling hal_uart_lld.c
[36/111] ChibiOS: Compiling hal_wdg_lld.c
[37/111] ChibiOS: Compiling hal_efl_lld.c
[38/111] ChibiOS: Compiling hal_lld.c
[39/111] ChibiOS: Compiling stm32_isr.c
[41/111] ChibiOS: Compiling hal.c
[40/111] ChibiOS: Compiling nvic.c
[42/111] ChibiOS: Compiling hal_adc.c
[43/111] ChibiOS: Compiling hal_buffers.c
[44/111] ChibiOS: Compiling hal_can.c
[45/111] ChibiOS: Compiling hal_crypto.c
[46/111] ChibiOS: Compiling hal_dac.c
[47/111] ChibiOS: Compiling hal_efl.c
[48/111] ChibiOS: Compiling hal_eicu.c
[49/111] ChibiOS: Compiling hal_flash.c
[50/111] ChibiOS: Compiling hal_gpt.c
[51/111] ChibiOS: Compiling hal_i2c.c
[52/111] ChibiOS: Compiling hal_i2s.c
[53/111] ChibiOS: Compiling hal_icu.c
[54/111] ChibiOS: Compiling hal_mac.c
[55/111] ChibiOS: Compiling hal_mmc_spi.c
[56/111] ChibiOS: Compiling hal_mmcsd.c
[57/111] ChibiOS: Compiling hal_pal.c
[58/111] ChibiOS: Compiling hal_pwm.c
[60/111] ChibiOS: Compiling hal_rtc.c
[59/111] ChibiOS: Compiling hal_queues.c
[61/111] ChibiOS: Compiling hal_sdc.c
[62/111] ChibiOS: Compiling hal_serial.c
[63/111] ChibiOS: Compiling hal_serial_usb.c
[64/111] ChibiOS: Compiling hal_sio.c
[65/111] ChibiOS: Compiling hal_spi.c
[66/111] ChibiOS: Compiling hal_st.c
[67/111] ChibiOS: Compiling hal_trng.c
[68/111] ChibiOS: Compiling hal_uart.c
[69/111] ChibiOS: Compiling hal_usb.c
[70/111] ChibiOS: Compiling hal_wdg.c
[71/111] ChibiOS: Compiling hal_wspi.c
[72/111] ChibiOS: Compiling chdelegates.c
[73/111] ChibiOS: Compiling chfactory.c
[74/111] ChibiOS: Compiling chmboxes.c
[75/111] ChibiOS: Compiling chmemcore.c
[76/111] ChibiOS: Compiling chmemheaps.c
[77/111] ChibiOS: Compiling chmempools.c
[78/111] ChibiOS: Compiling chobjcaches.c
[79/111] ChibiOS: Compiling chpipes.c
[80/111] ChibiOS: Compiling chcond.c
[81/111] ChibiOS: Compiling chdebug.c
[82/111] ChibiOS: Compiling chdynamic.c
[83/111] ChibiOS: Compiling chevents.c
[84/111] ChibiOS: Compiling chinstances.c
[85/111] ChibiOS: Compiling chmsg.c
[86/111] ChibiOS: Compiling chmtx.c
[87/111] ChibiOS: Compiling chregistry.c
[88/111] ChibiOS: Compiling chrfcu.c
[89/111] ChibiOS: Compiling chschd.c
[90/111] ChibiOS: Compiling chsem.c
[91/111] ChibiOS: Compiling chstats.c
[92/111] ChibiOS: Compiling chsys.c
[93/111] ChibiOS: Compiling chthreads.c
[94/111] ChibiOS: Compiling chtm.c
[95/111] ChibiOS: Compiling chtrace.c
[96/111] ChibiOS: Compiling chvt.c
[97/111] ChibiOS: Compiling fatfs_diskio.c
[98/111] ChibiOS: Compiling fatfs_syscall.c
[99/111] ChibiOS: Compiling syscalls.c
[100/111] ChibiOS: Compiling stubs.c
[101/111] ChibiOS: Compiling board.c
[102/111] ChibiOS: Compiling usbcfg.c
[103/111] ChibiOS: Compiling usbcfg_dualcdc.c
[104/111] ChibiOS: Compiling usbcfg_common.c
[105/111] ChibiOS: Compiling flash.c
[106/111] ChibiOS: Compiling malloc.c
[107/111] ChibiOS: Compiling hrt.c
[108/111] ChibiOS: Compiling stm32_util.c
[109/111] ChibiOS: Compiling bouncebuffer.c
[110/111] ChibiOS: Compiling watchdog.c
[111/111] ChibiOS: Compiling ch.cpp

ChibiOS: Done!

arm-none-eabi-ar: creating modules/ChibiOS/libch.a

No target_list file found, creating
Generating compile_commands.json
Build commands will be stored in ../MatekF405-TE/compile_commands.json
Generating compile_commands.json
Build commands will be stored in ../MatekF405-TE/compile_commands.json
[  11/1013] Compiling libraries/AC_AttitudeControl/AC_CommandModel.cpp
[  12/1013] Compiling libraries/AC_AttitudeControl/AC_AttitudeControl_Multi.cpp
[  13/1013] Compiling libraries/AC_AttitudeControl/AC_AttitudeControl_Heli.cpp
[  14/1013] Compiling libraries/AC_AttitudeControl/AC_AttitudeControl_TS.cpp
[  15/1013] Compiling libraries/AC_AttitudeControl/AC_AttitudeControl_Sub.cpp
[  16/1013] Compiling libraries/AC_AttitudeControl/AC_AttitudeControl_Logging.cpp
[  17/1013] Compiling libraries/AC_AttitudeControl/ControlMonitor.cpp
[  18/1013] Compiling libraries/AC_AttitudeControl/AC_AttitudeControl_Multi_6DoF.cpp
[  19/1013] Compiling libraries/AC_AttitudeControl/AC_PosControl_Logging.cpp
[  20/1013] Compiling libraries/AC_AutoTune/AC_AutoTune_Multi.cpp
[  21/1013] Compiling libraries/AC_AutoTune/AC_AutoTune_Heli.cpp
[  22/1013] Compiling libraries/AC_AutoTune/AC_AutoTune_FreqResp.cpp
[  23/1013] Compiling libraries/AC_Autorotation/RSC_Autorotation.cpp
[  24/1013] Compiling libraries/AC_Autorotation/AC_Autorotation.cpp
[  25/1013] Compiling libraries/AC_Avoidance/AC_Avoidance_Logging.cpp
[  26/1013] Compiling libraries/AC_Avoidance/AP_OAVisGraph.cpp
[  27/1013] Compiling libraries/AC_Avoidance/AP_OAPathPlanner.cpp
[  28/1013] Compiling libraries/AC_Avoidance/AP_OADijkstra.cpp
[  29/1013] Compiling libraries/AC_InputManager/AC_InputManager.cpp
[  30/1013] Compiling libraries/AC_InputManager/AC_InputManager_Heli.cpp
[  31/1013] Compiling libraries/AC_PID/AC_PID_Basic.cpp
[  32/1013] Compiling libraries/AC_PID/AC_PI_2D.cpp
[  33/1013] Compiling libraries/AC_PID/AC_HELI_PID.cpp
[  34/1013] Compiling libraries/AC_PID/AC_P_1D.cpp
[  35/1013] Compiling libraries/AC_PID/AC_P.cpp
[  36/1013] Compiling libraries/AC_PID/AC_PI.cpp
[  37/1013] Compiling libraries/AC_PID/AC_P_2D.cpp
[  38/1013] Compiling libraries/AC_PID/AC_PID.cpp
[  39/1013] Compiling libraries/AC_PID/AC_PID_2D.cpp
[  40/1013] Compiling libraries/AC_PrecLand/PosVelEKF.cpp
[  41/1013] Compiling libraries/AC_PrecLand/AC_PrecLand_Companion.cpp
[  42/1013] Compiling libraries/AC_PrecLand/AC_PrecLand_IRLock.cpp
[  43/1013] Compiling libraries/AC_PrecLand/AC_PrecLand_SITL.cpp
[  44/1013] Compiling libraries/AC_PrecLand/AC_PrecLand_SITL_Gazebo.cpp
[  45/1013] Compiling libraries/AC_PrecLand/AC_PrecLand_StateMachine.cpp
[  46/1013] Compiling libraries/AC_Sprayer/AC_Sprayer.cpp
[  47/1013] Compiling libraries/AC_WPNav/AC_Circle.cpp
[  48/1013] Compiling libraries/AC_WPNav/AC_WPNav.cpp
[  49/1013] Compiling libraries/AC_WPNav/AC_WPNav_OA.cpp
[  50/1013] Compiling libraries/AP_ADC/AP_ADC_ADS1115.cpp
[  51/1013] Compiling libraries/AP_ADSB/AP_ADSB_Backend.cpp
[  52/1013] Compiling libraries/AP_ADSB/AP_ADSB_Sagetech.cpp
[  53/1013] Compiling libraries/AP_ADSB/AP_ADSB_uAvionix_MAVLink.cpp
[  54/1013] Compiling libraries/AP_ADSB/AP_ADSB_uAvionix_UCP.cpp
[  55/1013] Compiling libraries/AP_AHRS/AP_AHRS_External.cpp
[  56/1013] Compiling libraries/AP_AHRS/AP_AHRS_Logging.cpp
[  57/1013] Compiling libraries/AP_AHRS/AP_AHRS_SIM.cpp
[  58/1013] Compiling libraries/AP_AHRS/AP_AHRS_View.cpp
[  59/1013] Compiling libraries/AP_AccelCal/AP_AccelCal.cpp
[  60/1013] Compiling libraries/AP_AccelCal/AccelCalibrator.cpp
[  61/1013] Compiling libraries/AP_AdvancedFailsafe/AP_AdvancedFailsafe.cpp
[  62/1013] Compiling libraries/AP_Airspeed/Airspeed_Calibration.cpp
[  63/1013] Compiling libraries/AP_Airspeed/AP_Airspeed_ASP5033.cpp
[  64/1013] Compiling libraries/AP_Airspeed/AP_Airspeed_Backend.cpp
[  65/1013] Compiling libraries/AP_Airspeed/AP_Airspeed_DLVR.cpp
[  66/1013] Compiling libraries/AP_Airspeed/AP_Airspeed_DroneCAN.cpp
[  67/1013] Compiling libraries/AP_Airspeed/AP_Airspeed_External.cpp
[  68/1013] Compiling libraries/AP_Airspeed/AP_Airspeed_Health.cpp
[  69/1013] Compiling libraries/AP_Airspeed/AP_Airspeed_MS4525.cpp
[  70/1013] Compiling libraries/AP_Airspeed/AP_Airspeed_MS5525.cpp
[  71/1013] Compiling libraries/AP_Airspeed/AP_Airspeed_MSP.cpp
[  72/1013] Compiling libraries/AP_Airspeed/AP_Airspeed_SDP3X.cpp
[  73/1013] Compiling libraries/AP_Airspeed/AP_Airspeed_SITL.cpp
[  74/1013] Compiling libraries/AP_Airspeed/AP_Airspeed_analog.cpp
[  75/1013] Compiling libraries/AP_Baro/AP_Baro_DroneCAN.cpp
[  76/1013] Compiling libraries/AP_Baro/AP_Baro_Dummy.cpp
[  77/1013] Compiling libraries/AP_Baro/AP_Baro_Backend.cpp
[  78/1013] Compiling libraries/AP_Baro/AP_Baro_ExternalAHRS.cpp
[  79/1013] Compiling libraries/AP_Baro/AP_Baro_FBM320.cpp
[  80/1013] Compiling libraries/AP_Baro/AP_Baro_HIL.cpp
[  81/1013] Compiling libraries/AP_Baro/AP_Baro_BMP085.cpp
[  82/1013] Compiling libraries/AP_Baro/AP_Baro_ICM20789.cpp
[  83/1013] Compiling libraries/AP_Baro/AP_Baro_ICP101XX.cpp
[  84/1013] Compiling libraries/AP_Baro/AP_Baro_ICP201XX.cpp
[  85/1013] Compiling libraries/AP_Baro/AP_Baro_KellerLD.cpp
[  86/1013] Compiling libraries/AP_Baro/AP_Baro_BMP280.cpp
[  87/1013] Compiling libraries/AP_Baro/AP_Baro_LPS2XH.cpp
[  88/1013] Compiling libraries/AP_Baro/AP_Baro_Logging.cpp
[  89/1013] Compiling libraries/AP_Baro/AP_Baro_MS5611.cpp
[  90/1013] Compiling libraries/AP_Baro/AP_Baro_MSP.cpp
[  91/1013] Compiling libraries/AP_Baro/AP_Baro_DPS280.cpp
[  92/1013] Compiling libraries/AP_Baro/AP_Baro_SPL06.cpp
[  93/1013] Compiling libraries/AP_Baro/AP_Baro_Wind.cpp
[  94/1013] Compiling libraries/AP_Baro/AP_Baro_atmosphere.cpp
[  95/1013] Compiling libraries/AP_Baro/AP_Baro_BMP581.cpp
[  96/1013] Compiling libraries/AP_Baro/AP_Baro_BMP388.cpp
[  97/1013] Compiling libraries/AP_BattMonitor/AP_BattMonitor_Backend.cpp
[  98/1013] Compiling libraries/AP_BattMonitor/AP_BattMonitor_SMBus_SUI.cpp
[  99/1013] Compiling libraries/AP_BattMonitor/AP_BattMonitor_Bebop.cpp
[ 100/1013] Compiling libraries/AP_BattMonitor/AP_BattMonitor_DroneCAN.cpp
[ 101/1013] Compiling libraries/AP_BattMonitor/AP_BattMonitor_SMBus_NeoDesign.cpp
[ 102/1013] Compiling libraries/AP_BattMonitor/AP_BattMonitor_ESC.cpp
[ 103/1013] Compiling libraries/AP_BattMonitor/AP_BattMonitor_SMBus_Rotoye.cpp
[ 104/1013] Compiling libraries/AP_BattMonitor/AP_BattMonitor_FuelLevel_PWM.cpp
[ 105/1013] Compiling libraries/AP_BattMonitor/AP_BattMonitor_FuelFlow.cpp
[ 106/1013] Compiling libraries/AP_BattMonitor/AP_BattMonitor_Synthetic_Current.cpp
[ 107/1013] Compiling libraries/AP_BattMonitor/AP_BattMonitor_Generator.cpp
[ 108/1013] Compiling libraries/AP_BattMonitor/AP_BattMonitor_INA239.cpp
[ 109/1013] Compiling libraries/AP_BattMonitor/AP_BattMonitor_AD7091R5.cpp
[ 110/1013] Compiling libraries/AP_BattMonitor/AP_BattMonitor_EFI.cpp
[ 111/1013] Compiling libraries/AP_BattMonitor/AP_BattMonitor_Torqeedo.cpp
[ 112/1013] Compiling libraries/AP_BattMonitor/AP_BattMonitor_INA2xx.cpp
[ 113/1013] Compiling libraries/AP_BattMonitor/AP_BattMonitor_LTC2946.cpp
[ 114/1013] Compiling libraries/AP_BattMonitor/AP_BattMonitor_Analog.cpp
[ 115/1013] Compiling libraries/AP_BattMonitor/AP_BattMonitor_Logging.cpp
[ 116/1013] Compiling libraries/AP_BattMonitor/AP_BattMonitor_Sum.cpp
[ 117/1013] Compiling libraries/AP_BattMonitor/AP_BattMonitor_FuelLevel_Analog.cpp
[ 118/1013] Compiling libraries/AP_BattMonitor/AP_BattMonitor_Scripting.cpp
[ 119/1013] Compiling libraries/AP_BattMonitor/AP_BattMonitor_SMBus_Solo.cpp
[ 120/1013] Compiling libraries/AP_BattMonitor/AP_BattMonitor_SMBus.cpp
[ 121/1013] Compiling libraries/AP_BattMonitor/AP_BattMonitor_SMBus_Generic.cpp
[ 122/1013] Compiling libraries/AP_Beacon/AP_Beacon_Backend.cpp
[ 123/1013] Compiling libraries/AP_Beacon/AP_Beacon_Marvelmind.cpp
[ 124/1013] Compiling libraries/AP_Beacon/AP_Beacon_Pozyx.cpp
[ 125/1013] Compiling libraries/AP_Beacon/AP_Beacon_Nooploop.cpp
[ 126/1013] Compiling libraries/AP_Beacon/AP_Beacon.cpp
[ 127/1013] Compiling libraries/AP_Beacon/AP_Beacon_SITL.cpp
[ 128/1013] Compiling libraries/AP_BoardConfig/IMU_heater.cpp
[ 129/1013] Compiling libraries/AP_BoardConfig/board_drivers.cpp
[ 130/1013] Compiling libraries/AP_Button/AP_Button.cpp
[ 131/1013] Compiling libraries/AP_Camera/AP_Camera_Servo.cpp
[ 132/1013] Compiling libraries/AP_Camera/AP_Camera_Backend.cpp
[ 133/1013] Compiling libraries/AP_Camera/AP_RunCam.cpp
[ 134/1013] Compiling libraries/AP_Camera/AP_Camera_SoloGimbal.cpp
[ 135/1013] Compiling libraries/AP_Camera/AP_Camera_Scripting.cpp
[ 136/1013] Compiling libraries/AP_Camera/AP_Camera_Relay.cpp
[ 137/1013] Compiling libraries/AP_Camera/AP_Camera.cpp
[ 138/1013] Compiling libraries/AP_Camera/AP_Camera_Params.cpp
[ 139/1013] Compiling libraries/AP_Camera/AP_Camera_Logging.cpp
[ 140/1013] Compiling libraries/AP_Camera/AP_Camera_Mount.cpp
[ 141/1013] Compiling libraries/AP_Camera/AP_Camera_MAVLinkCamV2.cpp
[ 142/1013] Compiling libraries/AP_Camera/AP_Camera_MAVLink.cpp
[ 143/1013] Compiling libraries/AP_CheckFirmware/AP_CheckFirmware_secure_command.cpp
[ 144/1013] Compiling libraries/AP_CheckFirmware/AP_CheckFirmware.cpp
[ 145/1013] Compiling libraries/AP_CheckFirmware/monocypher.cpp
[ 146/1013] Compiling libraries/AP_Common/AP_Common.cpp
[ 147/1013] Compiling libraries/AP_Common/time.cpp
[ 148/1013] Compiling libraries/AP_Common/Location.cpp
[ 149/1013] Compiling libraries/AP_Common/c++.cpp
[ 150/1013] Compiling libraries/AP_Common/float16.cpp
[ 151/1013] Compiling libraries/AP_Common/ExpandingString.cpp
[ 152/1013] Compiling libraries/AP_Common/AP_FWVersion.cpp
[ 153/1013] Compiling libraries/AP_Common/NMEA.cpp
[ 154/1013] Compiling libraries/AP_Common/AP_ExpandingArray.cpp
[ 155/1013] Compiling libraries/AP_Common/sorting.cpp
[ 156/1013] Compiling libraries/AP_Compass/AP_Compass_QMC5883P.cpp
[ 157/1013] Compiling libraries/AP_Compass/AP_Compass_IST8310.cpp
[ 158/1013] Compiling libraries/AP_Compass/Compass_PerMotor.cpp
[ 159/1013] Compiling libraries/AP_Compass/AP_Compass_SITL.cpp
[ 160/1013] Compiling libraries/AP_Compass/Compass_learn.cpp
[ 161/1013] Compiling libraries/AP_Compass/AP_Compass_LSM9DS1.cpp
[ 162/1013] Compiling libraries/AP_Compass/AP_Compass_MMC5xx3.cpp
[ 163/1013] Compiling libraries/AP_Compass/AP_Compass_MSP.cpp
[ 164/1013] Compiling libraries/AP_Compass/AP_Compass_MMC3416.cpp
[ 165/1013] Compiling libraries/AP_Compass/AP_Compass_QMC5883L.cpp
[ 166/1013] Compiling libraries/AP_Compass/AP_Compass_RM3100.cpp
[ 167/1013] Compiling libraries/AP_Compass/AP_Compass_HMC5843.cpp
[ 168/1013] Compiling libraries/AP_Compass/AP_Compass_LSM303D.cpp
[ 169/1013] Compiling libraries/AP_Compass/AP_Compass_MAG3110.cpp
[ 170/1013] Compiling libraries/AP_Compass/AP_Compass_LIS3MDL.cpp
[ 171/1013] Compiling libraries/AP_Compass/AP_Compass_IST8308.cpp
[ 172/1013] Compiling libraries/AP_Compass/AP_Compass_ExternalAHRS.cpp
[ 173/1013] Compiling libraries/AP_Compass/AP_Compass_IIS2MDC.cpp
[ 174/1013] Compiling libraries/AP_Compass/CompassCalibrator.cpp
[ 175/1013] Compiling libraries/AP_Compass/AP_Compass_Backend.cpp
[ 176/1013] Compiling libraries/AP_Compass/AP_Compass_Calibration.cpp
[ 177/1013] Compiling libraries/AP_Compass/AP_Compass_BMM350.cpp
[ 178/1013] Compiling libraries/AP_Compass/AP_Compass.cpp
[ 179/1013] Compiling libraries/AP_Compass/AP_Compass_AK8963.cpp
[ 180/1013] Compiling libraries/AP_Compass/AP_Compass_BMM150.cpp
[ 181/1013] Compiling libraries/AP_Compass/AP_Compass_AK09916.cpp
[ 182/1013] Compiling libraries/AP_Compass/AP_Compass_DroneCAN.cpp
[ 183/1013] Compiling libraries/AP_CustomRotations/AP_CustomRotations_params.cpp
[ 184/1013] Compiling libraries/AP_CustomRotations/AP_CustomRotations.cpp
[ 185/1013] Compiling libraries/AP_DAL/AP_DAL_InertialSensor.cpp
[ 186/1013] Compiling libraries/AP_DAL/AP_DAL_Baro.cpp
[ 187/1013] Compiling libraries/AP_DAL/AP_DAL_GPS.cpp
[ 188/1013] Compiling libraries/AP_DAL/AP_DAL_Compass.cpp
[ 189/1013] Compiling libraries/AP_DAL/AP_DAL_Airspeed.cpp
[ 190/1013] Compiling libraries/AP_Declination/AP_Declination.cpp
[ 191/1013] Compiling libraries/AP_Declination/tables.cpp
[ 192/1013] Compiling libraries/AP_Devo_Telem/AP_Devo_Telem.cpp
[ 193/1013] Compiling libraries/AP_EFI/AP_EFI_Scripting.cpp
[ 194/1013] Compiling libraries/AP_EFI/AP_EFI_ThrottleLinearisation.cpp
[ 195/1013] Compiling libraries/AP_EFI/AP_EFI_Serial_MS.cpp
[ 196/1013] Compiling libraries/AP_EFI/AP_EFI_Serial_Lutan.cpp
[ 197/1013] Compiling libraries/AP_EFI/AP_EFI_Serial_Hirth.cpp
[ 198/1013] Compiling libraries/AP_EFI/AP_EFI_NWPMU.cpp
[ 199/1013] Compiling libraries/AP_EFI/AP_EFI.cpp
[ 200/1013] Compiling libraries/AP_EFI/AP_EFI_Currawong_ECU.cpp
[ 201/1013] Compiling libraries/AP_EFI/AP_EFI_DroneCAN.cpp
[ 202/1013] Compiling libraries/AP_EFI/AP_EFI_MAV.cpp
[ 203/1013] Compiling libraries/AP_EFI/AP_EFI_Backend.cpp
[ 204/1013] Compiling libraries/AP_ESC_Telem/AP_ESC_Telem_SITL.cpp
[ 205/1013] Compiling libraries/AP_ESC_Telem/AP_ESC_Telem.cpp
[ 206/1013] Compiling libraries/AP_ExternalAHRS/AP_ExternalAHRS_VectorNav.cpp
[ 207/1013] Compiling libraries/AP_ExternalAHRS/MicroStrain_common.cpp
[ 208/1013] Compiling libraries/AP_ExternalAHRS/AP_ExternalAHRS_MicroStrain7.cpp
[ 209/1013] Compiling libraries/AP_ExternalAHRS/AP_ExternalAHRS.cpp
[ 210/1013] Compiling libraries/AP_ExternalAHRS/AP_ExternalAHRS_MicroStrain5.cpp
[ 211/1013] Compiling libraries/AP_ExternalAHRS/AP_ExternalAHRS_backend.cpp
[ 212/1013] Compiling libraries/AP_ExternalControl/AP_ExternalControl.cpp
[ 213/1013] Compiling libraries/AP_FETtecOneWire/AP_FETtecOneWire.cpp
[ 214/1013] Compiling libraries/AP_Filesystem/AP_Filesystem_FATFS.cpp
[ 215/1013] Compiling libraries/AP_Filesystem/AP_Filesystem_backend.cpp
[ 216/1013] Compiling libraries/AP_Filesystem/AP_Filesystem_Param.cpp
[ 217/1013] Compiling libraries/AP_Filesystem/AP_Filesystem_Sys.cpp
[ 218/1013] Compiling libraries/AP_Filesystem/AP_Filesystem.cpp
[ 219/1013] Compiling libraries/AP_Filesystem/AP_Filesystem_ROMFS.cpp
[ 220/1013] Compiling libraries/AP_Filesystem/posix_compat.cpp
[ 221/1013] Compiling libraries/AP_Filesystem/AP_Filesystem_Mission.cpp
[ 222/1013] Compiling libraries/AP_Filesystem/AP_Filesystem_ESP32.cpp
[ 223/1013] Compiling libraries/AP_FlashStorage/AP_FlashStorage.cpp
[ 224/1013] Compiling libraries/AP_Frsky_Telem/AP_Frsky_Telem.cpp
[ 225/1013] Compiling libraries/AP_Frsky_Telem/AP_Frsky_MAVlite_SPortToMAVlite.cpp
[ 226/1013] Compiling libraries/AP_Frsky_Telem/AP_Frsky_SPort.cpp
[ 227/1013] Compiling libraries/AP_Frsky_Telem/AP_Frsky_Parameters.cpp
[ 228/1013] Compiling libraries/AP_Frsky_Telem/AP_Frsky_MAVliteMsgHandler.cpp
[ 229/1013] Compiling libraries/AP_Frsky_Telem/AP_Frsky_MAVlite_Message.cpp
[ 230/1013] Compiling libraries/AP_Frsky_Telem/AP_Frsky_MAVlite_MAVliteToSPort.cpp
[ 231/1013] Compiling libraries/AP_Frsky_Telem/AP_Frsky_Backend.cpp
[ 232/1013] Compiling libraries/AP_Frsky_Telem/AP_Frsky_D.cpp
[ 233/1013] Compiling libraries/AP_GPS/AP_GPS_NOVA.cpp
[ 234/1013] Compiling libraries/AP_GPS/AP_GPS_ExternalAHRS.cpp
[ 235/1013] Compiling libraries/AP_GPS/AP_GPS_Params.cpp
[ 236/1013] Compiling libraries/AP_GPS/AP_GPS_MAV.cpp
[ 237/1013] Compiling libraries/AP_GPS/AP_GPS_DroneCAN.cpp
[ 238/1013] Compiling libraries/AP_GPS/AP_GPS_MSP.cpp
[ 239/1013] Compiling libraries/AP_GPS/AP_GPS_ERB.cpp
[ 240/1013] Compiling libraries/AP_GPS/RTCM3_Parser.cpp
[ 241/1013] Compiling libraries/AP_GPS/AP_GPS.cpp
[ 242/1013] Compiling libraries/AP_GPS/AP_GPS_GSOF.cpp
[ 243/1013] Compiling libraries/AP_GPS/AP_GPS_SITL.cpp
[ 244/1013] Compiling libraries/AP_GPS/AP_GPS_Blended.cpp
[ 245/1013] Compiling libraries/AP_GPS/AP_GPS_NMEA.cpp
[ 246/1013] Compiling libraries/AP_GPS/MovingBase.cpp
[ 247/1013] Compiling libraries/AP_GPS/AP_GPS_SIRF.cpp
[ 248/1013] Compiling libraries/AP_GPS/GPS_Backend.cpp
[ 249/1013] Compiling libraries/AP_GPS/AP_GPS_UBLOX.cpp
[ 250/1013] Compiling libraries/AP_GPS/AP_GPS_SBP.cpp
[ 251/1013] Compiling libraries/AP_GPS/AP_GPS_SBF.cpp
[ 252/1013] Compiling libraries/AP_GPS/AP_GPS_SBP2.cpp
[ 253/1013] Compiling libraries/AP_GSOF/AP_GSOF.cpp
[ 254/1013] Compiling libraries/AP_Generator/AP_Generator_IE_650_800.cpp
[ 255/1013] Compiling libraries/AP_Generator/AP_Generator.cpp
[ 256/1013] Compiling libraries/AP_Generator/AP_Generator_Backend.cpp
[ 257/1013] Compiling libraries/AP_Generator/AP_Generator_IE_2400.cpp
[ 258/1013] Compiling libraries/AP_Generator/AP_Generator_RichenPower.cpp
[ 259/1013] Compiling libraries/AP_Generator/AP_Generator_IE_FuelCell.cpp
[ 260/1013] Compiling libraries/AP_Gripper/AP_Gripper_Servo.cpp
[ 261/1013] Compiling libraries/AP_Gripper/AP_Gripper_EPM.cpp
[ 262/1013] Compiling libraries/AP_Gripper/AP_Gripper_Backend.cpp
[ 263/1013] Compiling libraries/AP_Gripper/AP_Gripper.cpp
[ 264/1013] Compiling libraries/AP_Hott_Telem/AP_Hott_Telem.cpp
[ 265/1013] Compiling libraries/AP_ICEngine/AP_ICEngine.cpp
[ 266/1013] Compiling libraries/AP_ICEngine/AP_ICEngine_TCA9554.cpp
[ 267/1013] Compiling libraries/AP_IOMCU/fw_uploader.cpp
[ 268/1013] Compiling libraries/AP_IOMCU/AP_IOMCU.cpp
[ 269/1013] Compiling libraries/AP_IRLock/AP_IRLock_SITL_Gazebo.cpp
[ 270/1013] Compiling libraries/AP_IRLock/IRLock.cpp
[ 271/1013] Compiling libraries/AP_IRLock/AP_IRLock_I2C.cpp
[ 272/1013] Compiling libraries/AP_IRLock/AP_IRLock_SITL.cpp
[ 273/1013] Compiling libraries/AP_InertialNav/AP_InertialNav.cpp
[ 274/1013] Compiling libraries/AP_InertialSensor/AP_InertialSensor_tempcal.cpp
[ 275/1013] Compiling libraries/AP_InertialSensor/AP_InertialSensor_Backend.cpp
[ 276/1013] Compiling libraries/AP_InertialSensor/AP_InertialSensor_SCHA63T.cpp
[ 277/1013] Compiling libraries/AP_InertialSensor/AP_InertialSensor_SITL.cpp
[ 278/1013] Compiling libraries/AP_InertialSensor/AP_InertialSensor_ExternalAHRS.cpp
[ 279/1013] Compiling libraries/AP_InertialSensor/AP_InertialSensor_Logging.cpp
[ 280/1013] Compiling libraries/AP_InertialSensor/AP_InertialSensor_LSM9DS1.cpp
[ 281/1013] Compiling libraries/AP_InertialSensor/AuxiliaryBus.cpp
[ 282/1013] Compiling libraries/AP_InertialSensor/BatchSampler.cpp
[ 283/1013] Compiling libraries/AP_InertialSensor/AP_InertialSensor_Invensense.cpp
[ 284/1013] Compiling libraries/AP_InertialSensor/AP_InertialSensor_NONE.cpp
[ 285/1013] Compiling libraries/AP_InertialSensor/AP_InertialSensor_RST.cpp
[ 286/1013] Compiling libraries/AP_InertialSensor/AP_InertialSensor_Params.cpp
[ 287/1013] Compiling libraries/AP_InertialSensor/AP_InertialSensor_Invensensev3.cpp
[ 288/1013] Compiling libraries/AP_InertialSensor/AP_InertialSensor_BMI055.cpp
[ 289/1013] Compiling libraries/AP_InertialSensor/AP_InertialSensor_BMI270.cpp
[ 290/1013] Compiling libraries/AP_InertialSensor/AP_InertialSensor_L3G4200D.cpp
[ 291/1013] Compiling libraries/AP_InertialSensor/AP_InertialSensor_ADIS1647x.cpp
[ 292/1013] Compiling libraries/AP_InertialSensor/AP_InertialSensor_BMI088.cpp
[ 293/1013] Compiling libraries/AP_InertialSensor/AP_InertialSensor_Invensensev2.cpp
[ 294/1013] Compiling libraries/AP_InertialSensor/AP_InertialSensor_BMI160.cpp
[ 295/1013] Compiling libraries/AP_InertialSensor/AP_InertialSensor_LSM9DS0.cpp
[ 296/1013] Compiling libraries/AP_InternalError/AP_InternalError.cpp
[ 297/1013] Compiling libraries/AP_JSON/AP_JSON.cpp
[ 298/1013] Compiling libraries/AP_KDECAN/AP_KDECAN.cpp
[ 299/1013] Compiling libraries/AP_LTM_Telem/AP_LTM_Telem.cpp
[ 300/1013] Compiling libraries/AP_Logger/AP_Logger_Flash_JEDEC.cpp
[ 301/1013] Compiling libraries/AP_Logger/LogFile.cpp
[ 302/1013] Compiling libraries/AP_Logger/AP_Logger_MAVLinkLogTransfer.cpp
[ 303/1013] Compiling libraries/AP_Logger/AP_Logger_W25NXX.cpp
[ 304/1013] Compiling libraries/AP_Logger/AP_Logger_Block.cpp
[ 305/1013] Compiling libraries/AP_Logger/AP_Logger_MAVLink.cpp
[ 306/1013] Compiling libraries/AP_MSP/AP_MSP_Telem_Backend.cpp
[ 307/1013] Compiling libraries/AP_MSP/msp_sbuf.cpp
[ 308/1013] Compiling libraries/AP_MSP/AP_MSP_Telem_Generic.cpp
[ 309/1013] Compiling libraries/AP_MSP/msp.cpp
[ 310/1013] Compiling libraries/AP_MSP/AP_MSP_Telem_DJI.cpp
[ 311/1013] Compiling libraries/AP_MSP/AP_MSP.cpp
[ 312/1013] Compiling libraries/AP_MSP/AP_MSP_Telem_DisplayPort.cpp
[ 313/1013] Compiling libraries/AP_Math/crc.cpp
[ 314/1013] Compiling libraries/AP_Math/matrixN.cpp
[ 315/1013] Compiling libraries/AP_Math/polyfit.cpp
[ 316/1013] Compiling libraries/AP_Math/polygon.cpp
[ 317/1013] Compiling libraries/AP_Math/matrix_alg.cpp
[ 318/1013] Compiling libraries/AP_Math/location.cpp
[ 319/1013] Compiling libraries/AP_Math/AP_GeodesicGrid.cpp
[ 320/1013] Compiling libraries/AP_Math/SplineCurve.cpp
[ 321/1013] Compiling libraries/AP_Math/quaternion.cpp
[ 322/1013] Compiling libraries/AP_Math/AP_Math.cpp
[ 323/1013] Compiling libraries/AP_Math/chirp.cpp
[ 324/1013] Compiling libraries/AP_Math/matrix3.cpp
[ 325/1013] Compiling libraries/AP_Math/location_double.cpp
[ 326/1013] Compiling libraries/AP_Math/spline5.cpp
[ 327/1013] Compiling libraries/AP_Math/vector2.cpp
[ 328/1013] Compiling libraries/AP_Math/vector3.cpp
[ 329/1013] Compiling libraries/AP_Math/control.cpp
[ 330/1013] Compiling libraries/AP_Mission/AP_Mission_Commands.cpp
[ 331/1013] Compiling libraries/AP_Mission/AP_Mission_ChangeDetector.cpp
[ 332/1013] Compiling libraries/AP_Module/AP_Module.cpp
[ 333/1013] Compiling libraries/AP_Motors/AP_MotorsMatrix_Scripting_Dynamic.cpp
[ 334/1013] Compiling libraries/AP_Motors/AP_MotorsHeli_Single.cpp
[ 335/1013] Compiling libraries/AP_Motors/AP_MotorsMatrix_6DoF_Scripting.cpp
[ 336/1013] Compiling libraries/AP_Motors/AP_MotorsTailsitter.cpp
[ 337/1013] Compiling libraries/AP_Motors/AP_MotorsHeli_Dual.cpp
[ 338/1013] Compiling libraries/AP_Motors/AP_MotorsHeli_RSC.cpp
[ 339/1013] Compiling libraries/AP_Motors/AP_MotorsHeli_Swash.cpp
[ 340/1013] Compiling libraries/AP_Motors/AP_Motors_Class.cpp
[ 341/1013] Compiling libraries/AP_Motors/AP_MotorsHeli.cpp
[ 342/1013] Compiling libraries/AP_Motors/AP_MotorsCoax.cpp
[ 343/1013] Compiling libraries/AP_Motors/AP_MotorsHeli_Quad.cpp
[ 344/1013] Compiling libraries/AP_Motors/AP_Motors6DOF.cpp
[ 345/1013] Compiling libraries/AP_Motors/AP_MotorsSingle.cpp
[ 346/1013] Compiling libraries/AP_Mount/AP_Mount_SToRM32.cpp
[ 347/1013] Compiling libraries/AP_Mount/AP_Mount_Backend_Serial.cpp
[ 348/1013] Compiling libraries/AP_Mount/AP_Mount_Params.cpp
[ 349/1013] Compiling libraries/AP_Mount/AP_Mount_Gremsy.cpp
[ 350/1013] Compiling libraries/AP_Mount/AP_Mount_CADDX.cpp
[ 351/1013] Compiling libraries/AP_Mount/AP_Mount_Viewpro.cpp
[ 352/1013] Compiling libraries/AP_Mount/SoloGimbal_Parameters.cpp
[ 353/1013] Compiling libraries/AP_Mount/SoloGimbal.cpp
[ 354/1013] Compiling libraries/AP_Mount/SoloGimbalEKF.cpp
[ 355/1013] Compiling libraries/AP_Mount/AP_Mount_Topotek.cpp
[ 356/1013] Compiling libraries/AP_Mount/AP_Mount.cpp
[ 357/1013] Compiling libraries/AP_Mount/AP_Mount_Xacti.cpp
[ 358/1013] Compiling libraries/AP_Mount/AP_Mount_SToRM32_serial.cpp
[ 359/1013] Compiling libraries/AP_Mount/AP_Mount_Alexmos.cpp
[ 360/1013] Compiling libraries/AP_Mount/AP_Mount_Scripting.cpp
[ 361/1013] Compiling libraries/AP_Mount/AP_Mount_Siyi.cpp
[ 362/1013] Compiling libraries/AP_Mount/AP_Mount_Backend.cpp
[ 363/1013] Compiling libraries/AP_Mount/AP_Mount_SoloGimbal.cpp
[ 364/1013] Compiling libraries/AP_Mount/AP_Mount_Servo.cpp
[ 365/1013] Compiling libraries/AP_MultiHeap/AP_MultiHeap.cpp
[ 366/1013] Compiling libraries/AP_MultiHeap/MultiHeap_malloc.cpp
[ 367/1013] Compiling libraries/AP_MultiHeap/MultiHeap_chibios.cpp
[ 368/1013] Compiling libraries/AP_NMEA_Output/AP_NMEA_Output.cpp
[ 369/1013] Compiling libraries/AP_NavEKF/AP_NavEKF_Source.cpp
[ 370/1013] Compiling libraries/AP_NavEKF/EKFGSF_Logging.cpp
[ 371/1013] Compiling libraries/AP_NavEKF/EKF_Buffer.cpp
[ 372/1013] Compiling libraries/AP_NavEKF/AP_NavEKF_core_common.cpp
[ 373/1013] Compiling libraries/AP_NavEKF/EKFGSF_yaw.cpp
[ 374/1013] Compiling libraries/AP_NavEKF2/AP_NavEKF2_MagFusion.cpp
[ 375/1013] Compiling libraries/AP_NavEKF2/AP_NavEKF2_PosVelFusion.cpp
[ 376/1013] Compiling libraries/AP_NavEKF2/AP_NavEKF2_RngBcnFusion.cpp
[ 377/1013] Compiling libraries/AP_NavEKF2/AP_NavEKF2_VehicleStatus.cpp
[ 378/1013] Compiling libraries/AP_NavEKF2/AP_NavEKF2_core.cpp
[ 379/1013] Compiling libraries/AP_NavEKF2/AP_NavEKF2_Outputs.cpp
[ 380/1013] Compiling libraries/AP_NavEKF2/AP_NavEKF2_Measurements.cpp
[ 381/1013] Compiling libraries/AP_NavEKF2/AP_NavEKF2_Logging.cpp
[ 382/1013] Compiling libraries/AP_NavEKF2/AP_NavEKF_GyroBias.cpp
[ 383/1013] Compiling libraries/AP_NavEKF2/AP_NavEKF2_Control.cpp
[ 384/1013] Compiling libraries/AP_NavEKF2/AP_NavEKF2_AirDataFusion.cpp
[ 385/1013] Compiling modules/lwip/src/netif/ppp/magic.c
[ 386/1013] Compiling modules/lwip/src/netif/ppp/eap.c
[ 387/1013] Compiling modules/lwip/src/netif/zepif.c
[ 388/1013] Compiling modules/lwip/src/core/tcp_out.c
[ 389/1013] Compiling modules/lwip/src/core/sys.c
[ 390/1013] Compiling modules/lwip/src/core/memp.c
[ 391/1013] Compiling modules/lwip/src/core/mem.c
[ 392/1013] Compiling modules/lwip/src/core/ip.c
[ 393/1013] Compiling modules/lwip/src/core/init.c
[ 394/1013] Compiling modules/lwip/src/core/timeouts.c
[ 395/1013] Compiling modules/lwip/src/core/dns.c
[ 396/1013] Compiling modules/lwip/src/core/def.c
[ 397/1013] Compiling modules/lwip/src/core/altcp_tcp.c
[ 398/1013] Compiling modules/lwip/src/core/altcp_alloc.c
[ 399/1013] Compiling modules/lwip/src/core/altcp.c
[ 400/1013] Compiling libraries/AP_Networking/AP_Networking_tests.cpp
[ 401/1013] Compiling libraries/AP_Networking/AP_Networking_port.cpp
[ 402/1013] Compiling libraries/AP_Networking/AP_Networking_macaddr.cpp
[ 403/1013] Compiling modules/lwip/src/core/inet_chksum.c
[ 404/1013] Compiling libraries/AP_Networking/AP_Networking_PPP.cpp
[ 405/1013] Compiling libraries/AP_Networking/AP_Networking_ChibiOS.cpp
[ 406/1013] Compiling libraries/AP_Networking/AP_Networking_CAN.cpp
[ 407/1013] Compiling libraries/AP_Networking/AP_Networking.cpp
[ 408/1013] Compiling modules/lwip/src/netif/ppp/multilink.c
[ 409/1013] Compiling modules/lwip/src/netif/ppp/pppcrypt.c
[ 410/1013] Compiling modules/lwip/src/netif/ppp/ccp.c
[ 411/1013] Compiling libraries/AP_Networking/AP_Networking_address.cpp
[ 412/1013] Compiling modules/lwip/src/netif/ppp/chap-md5.c
[ 413/1013] Compiling modules/lwip/src/netif/ppp/ppp.c
[ 414/1013] Compiling modules/lwip/src/netif/bridgeif_fdb.c
[ 415/1013] Compiling modules/lwip/src/core/udp.c
[ 416/1013] Compiling modules/lwip/src/netif/ppp/chap-new.c
[ 417/1013] Compiling modules/lwip/src/netif/ppp/auth.c
[ 418/1013] Compiling modules/lwip/src/core/ipv4/dhcp.c
[ 419/1013] Compiling modules/lwip/src/core/ipv4/acd.c
[ 420/1013] Compiling modules/lwip/src/netif/ppp/pppos.c
[ 421/1013] Compiling modules/lwip/src/netif/lowpan6_ble.c
[ 422/1013] Compiling modules/lwip/src/core/tcp_in.c
[ 423/1013] Compiling modules/lwip/src/core/tcp.c
[ 424/1013] Compiling modules/lwip/src/netif/ppp/demand.c
[ 425/1013] Compiling modules/lwip/src/netif/ppp/pppapi.c
[ 426/1013] Compiling modules/lwip/src/netif/ppp/lcp.c
[ 427/1013] Compiling modules/lwip/src/netif/ppp/mppe.c
[ 428/1013] Compiling modules/lwip/src/netif/ppp/ipcp.c
[ 429/1013] Compiling modules/lwip/src/netif/ppp/chap_ms.c
[ 430/1013] Compiling modules/lwip/src/netif/slipif.c
[ 431/1013] Compiling modules/lwip/src/netif/ppp/ipv6cp.c
[ 432/1013] Compiling modules/lwip/src/netif/ppp/eui64.c
[ 433/1013] Compiling modules/lwip/src/netif/lowpan6_common.c
[ 434/1013] Compiling modules/lwip/src/netif/ppp/fsm.c
[ 435/1013] Compiling modules/lwip/src/netif/ppp/pppoe.c
[ 436/1013] Compiling modules/lwip/src/api/netbuf.c
[ 437/1013] Compiling modules/lwip/src/core/ipv4/autoip.c
[ 438/1013] Compiling modules/lwip/src/core/pbuf.c
[ 439/1013] Compiling modules/lwip/src/core/netif.c
[ 440/1013] Compiling modules/lwip/src/netif/lowpan6.c
[ 441/1013] Compiling modules/lwip/src/netif/ethernet.c
[ 442/1013] Compiling modules/lwip/src/api/err.c
[ 443/1013] Compiling modules/lwip/src/netif/ppp/ecp.c
[ 444/1013] Compiling modules/lwip/src/netif/bridgeif.c
[ 445/1013] Compiling modules/lwip/src/core/stats.c
[ 446/1013] Compiling modules/lwip/src/core/raw.c
[ 447/1013] Compiling modules/lwip/src/api/sockets.c
[ 448/1013] Compiling modules/lwip/src/api/tcpip.c
[ 449/1013] Compiling modules/lwip/src/api/netdb.c
[ 450/1013] Compiling modules/lwip/src/api/netifapi.c
[ 451/1013] Compiling modules/lwip/src/netif/ppp/pppol2tp.c
[ 452/1013] Compiling modules/lwip/src/api/api_msg.c
[ 453/1013] Compiling modules/lwip/src/api/api_lib.c
[ 454/1013] Compiling modules/lwip/src/core/ipv4/igmp.c
[ 455/1013] Compiling modules/lwip/src/netif/ppp/vj.c
[ 456/1013] Compiling libraries/AP_Networking/lwip_hal/arch/sys_arch.cpp
[ 457/1013] Compiling modules/lwip/src/api/if_api.c
[ 458/1013] Compiling libraries/AP_Networking/lwip_hal/arch/evtimer.c
[ 459/1013] Compiling modules/lwip/src/netif/ppp/utils.c
[ 460/1013] Compiling modules/lwip/src/core/ipv4/ip4_frag.c
[ 461/1013] Compiling modules/lwip/src/core/ipv4/icmp.c
[ 462/1013] Compiling modules/lwip/src/netif/ppp/upap.c
[ 463/1013] Compiling modules/lwip/src/core/ipv4/ip4_addr.c
[ 464/1013] Compiling modules/lwip/src/core/ipv4/etharp.c
[ 465/1013] Compiling modules/lwip/src/core/ipv4/ip4.c
[ 466/1013] Compiling libraries/AP_Notify/VRBoard_LED.cpp
[ 467/1013] Compiling libraries/AP_Notify/ToneAlarm.cpp
[ 468/1013] Compiling libraries/AP_Notify/RCOutputRGBLed.cpp
[ 469/1013] Compiling libraries/AP_Notify/MMLPlayer.cpp
[ 470/1013] Compiling libraries/AP_Notify/AP_BoardLED2.cpp
[ 471/1013] Compiling libraries/AP_Notify/ToshibaLED_I2C.cpp
[ 472/1013] Compiling libraries/AP_Notify/ScriptingLED.cpp
[ 473/1013] Compiling libraries/AP_Notify/RGBLed.cpp
[ 474/1013] Compiling libraries/AP_Notify/SITL_SFML_LED.cpp
[ 475/1013] Compiling libraries/AP_Notify/ProfiLED.cpp
[ 476/1013] Compiling libraries/AP_Notify/PCA9685LED_I2C.cpp
[ 477/1013] Compiling libraries/AP_Notify/NCP5623.cpp
[ 478/1013] Compiling libraries/AP_Notify/PixRacerLED.cpp
[ 479/1013] Compiling libraries/AP_Notify/OreoLED_I2C.cpp
[ 480/1013] Compiling libraries/AP_Notify/NavigatorLED.cpp
[ 481/1013] Compiling libraries/AP_Notify/NeoPixel.cpp
[ 482/1013] Compiling libraries/AP_Notify/Led_Sysfs.cpp
[ 483/1013] Compiling libraries/AP_Notify/IS31FL3195.cpp
[ 484/1013] Compiling libraries/AP_Notify/Display_SSD1306_I2C.cpp
[ 485/1013] Compiling libraries/AP_Notify/Buzzer.cpp
[ 486/1013] Compiling libraries/AP_Notify/LP5562.cpp
[ 487/1013] Compiling libraries/AP_Notify/GPIO_LED_1.cpp
[ 488/1013] Compiling libraries/AP_Notify/DroneCAN_RGB_LED.cpp
[ 489/1013] Compiling libraries/AP_Notify/ExternalLED.cpp
[ 490/1013] Compiling libraries/AP_Notify/Display_SITL.cpp
[ 491/1013] Compiling libraries/AP_Notify/Display.cpp
[ 492/1013] Compiling libraries/AP_Notify/AP_Notify.cpp
[ 493/1013] Compiling libraries/AP_Notify/Display_SH1106_I2C.cpp
[ 494/1013] Compiling libraries/AP_Notify/DiscreteRGBLed.cpp
[ 495/1013] Compiling libraries/AP_Notify/DShotLED.cpp
[ 496/1013] Compiling libraries/AP_Notify/SerialLED.cpp
[ 497/1013] Compiling libraries/AP_Notify/AP_BoardLED.cpp
[ 498/1013] Compiling libraries/AP_Notify/DiscoLED.cpp
[ 499/1013] Compiling libraries/AP_OLC/AP_OLC.cpp
[ 500/1013] Compiling libraries/AP_OSD/AP_OSD_MAX7456.cpp
[ 501/1013] Compiling libraries/AP_OSD/AP_OSD_SITL.cpp
[ 502/1013] Compiling libraries/AP_OSD/AP_OSD_MSP.cpp
[ 503/1013] Compiling libraries/AP_OSD/AP_OSD_MSP_DisplayPort.cpp
[ 504/1013] Compiling libraries/AP_OSD/AP_OSD_Backend.cpp
[ 505/1013] Compiling libraries/AP_OSD/AP_OSD_Setting.cpp
[ 506/1013] Compiling libraries/AP_OSD/AP_OSD.cpp
[ 507/1013] Compiling libraries/AP_OpenDroneID/AP_OpenDroneID.cpp
[ 508/1013] Compiling libraries/AP_OpenDroneID/AP_OpenDroneID_DroneCAN.cpp
[ 509/1013] Compiling libraries/AP_OpticalFlow/AP_OpticalFlow_PX4Flow.cpp
[ 510/1013] Compiling libraries/AP_OpticalFlow/AP_OpticalFlow_Pixart.cpp
[ 511/1013] Compiling libraries/AP_OpticalFlow/AP_OpticalFlow_SITL.cpp
[ 512/1013] Compiling libraries/AP_OpticalFlow/AP_OpticalFlow_UPFLOW.cpp
[ 513/1013] Compiling libraries/AP_OpticalFlow/AP_OpticalFlow_Onboard.cpp
[ 514/1013] Compiling libraries/AP_OpticalFlow/AP_OpticalFlow.cpp
[ 515/1013] Compiling libraries/AP_OpticalFlow/AP_OpticalFlow_MSP.cpp
[ 516/1013] Compiling libraries/AP_OpticalFlow/AP_OpticalFlow_HereFlow.cpp
[ 517/1013] Compiling libraries/AP_OpticalFlow/AP_OpticalFlow_CXOF.cpp
[ 518/1013] Compiling libraries/AP_OpticalFlow/AP_OpticalFlow_Calibrator.cpp
[ 519/1013] Compiling libraries/AP_OpticalFlow/AP_OpticalFlow_MAV.cpp
[ 520/1013] Compiling libraries/AP_OpticalFlow/AP_OpticalFlow_Backend.cpp
[ 521/1013] Compiling libraries/AP_Parachute/AP_Parachute.cpp
[ 522/1013] Compiling libraries/AP_Param/AP_ParamT.cpp
[ 523/1013] Compiling libraries/AP_Param/AP_Param.cpp
[ 524/1013] Compiling libraries/AP_Proximity/AP_Proximity_SITL.cpp
[ 525/1013] Compiling libraries/AP_Proximity/AP_Proximity_RPLidarA2.cpp
[ 526/1013] Compiling libraries/AP_Proximity/AP_Proximity_LightWareSerial.cpp
[ 527/1013] Compiling libraries/AP_Proximity/AP_Proximity.cpp
[ 528/1013] Compiling libraries/AP_Proximity/AP_Proximity_RangeFinder.cpp
[ 529/1013] Compiling libraries/AP_Proximity/AP_Proximity_Params.cpp
[ 530/1013] Compiling libraries/AP_Proximity/AP_Proximity_MAV.cpp
[ 531/1013] Compiling libraries/AP_Proximity/AP_Proximity_MR72_CAN.cpp
[ 532/1013] Compiling libraries/AP_Proximity/AP_Proximity_LightWareSF45B.cpp
[ 533/1013] Compiling libraries/AP_Proximity/AP_Proximity_LD06.cpp
[ 534/1013] Compiling libraries/AP_Proximity/AP_Proximity_AirSimSITL.cpp
[ 535/1013] Compiling libraries/AP_Proximity/AP_Proximity_LightWareSF40C.cpp
[ 536/1013] Compiling libraries/AP_Proximity/AP_Proximity_Backend.cpp
[ 537/1013] Compiling libraries/AP_Proximity/AP_Proximity_Backend_Serial.cpp
[ 538/1013] Compiling libraries/AP_Proximity/AP_Proximity_Boundary_3D.cpp
[ 539/1013] Compiling libraries/AP_Proximity/AP_Proximity_Cygbot_D1.cpp
[ 540/1013] Compiling libraries/AP_Proximity/AP_Proximity_Scripting.cpp
[ 541/1013] Compiling libraries/AP_Proximity/AP_Proximity_TeraRangerTower.cpp
[ 542/1013] Compiling libraries/AP_Proximity/AP_Proximity_TeraRangerTowerEvo.cpp
[ 543/1013] Compiling libraries/AP_Proximity/AP_Proximity_DroneCAN.cpp
[ 544/1013] Compiling libraries/AP_RAMTRON/AP_RAMTRON.cpp
[ 545/1013] Compiling libraries/AP_RCMapper/AP_RCMapper.cpp
[ 546/1013] Compiling libraries/AP_RCProtocol/AP_RCProtocol_Backend.cpp
[ 547/1013] Compiling libraries/AP_RCProtocol/AP_RCProtocol_FDM.cpp
[ 548/1013] Compiling libraries/AP_RCProtocol/spm_srxl.cpp
[ 549/1013] Compiling libraries/AP_RCProtocol/AP_RCProtocol_IBUS.cpp
[ 550/1013] Compiling libraries/AP_RCProtocol/AP_RCProtocol_Radio.cpp
[ 551/1013] Compiling libraries/AP_RCProtocol/SoftSerial.cpp
[ 552/1013] Compiling libraries/AP_RCProtocol/AP_RCProtocol_ST24.cpp
[ 553/1013] Compiling libraries/AP_RCProtocol/AP_RCProtocol_MAVLinkRadio.cpp
[ 554/1013] Compiling libraries/AP_RCProtocol/AP_RCProtocol_SUMD.cpp
[ 555/1013] Compiling libraries/AP_RCProtocol/AP_RCProtocol_SRXL.cpp
[ 556/1013] Compiling libraries/AP_RCProtocol/AP_RCProtocol_PPMSum.cpp
[ 557/1013] Compiling libraries/AP_RCProtocol/AP_RCProtocol_SBUS.cpp
[ 558/1013] Compiling libraries/AP_RCProtocol/AP_RCProtocol_DSM.cpp
[ 559/1013] Compiling libraries/AP_RCProtocol/AP_RCProtocol_DroneCAN.cpp
[ 560/1013] Compiling libraries/AP_RCProtocol/AP_RCProtocol_Joystick_SFML.cpp
[ 561/1013] Compiling libraries/AP_RCTelemetry/AP_GHST_Telem.cpp
[ 562/1013] Compiling libraries/AP_RCTelemetry/AP_Spektrum_Telem.cpp
[ 563/1013] Compiling libraries/AP_ROMFS/AP_ROMFS.cpp
[ 564/1013] Compiling libraries/AP_ROMFS/tinflate.cpp
[ 565/1013] Compiling libraries/AP_RPM/RPM_Backend.cpp
[ 566/1013] Compiling libraries/AP_RPM/RPM_HarmonicNotch.cpp
[ 567/1013] Compiling libraries/AP_RPM/RPM_ESC_Telem.cpp
[ 568/1013] Compiling libraries/AP_RPM/RPM_DroneCAN.cpp
[ 569/1013] Compiling libraries/AP_RPM/AP_RPM_Params.cpp
[ 570/1013] Compiling libraries/AP_RPM/RPM_SITL.cpp
[ 571/1013] Compiling libraries/AP_RPM/RPM_EFI.cpp
[ 572/1013] Compiling libraries/AP_RPM/RPM_Pin.cpp
[ 573/1013] Compiling libraries/AP_RPM/RPM_Generator.cpp
[ 574/1013] Compiling libraries/AP_RPM/AP_RPM.cpp
[ 575/1013] Compiling libraries/AP_RSSI/AP_RSSI.cpp
[ 576/1013] Compiling libraries/AP_RTC/AP_RTC.cpp
[ 577/1013] Compiling libraries/AP_RTC/JitterCorrection.cpp
[ 578/1013] Compiling libraries/AP_Radio/AP_Radio_backend.cpp
[ 579/1013] Compiling libraries/AP_Radio/AP_Radio.cpp
[ 580/1013] Compiling libraries/AP_Radio/driver_cc2500.cpp
[ 581/1013] Compiling libraries/AP_Radio/AP_Radio_bk2425.cpp
[ 582/1013] Compiling libraries/AP_Radio/AP_Radio_cc2500.cpp
[ 583/1013] Compiling libraries/AP_Radio/driver_bk2425.cpp
[ 584/1013] Compiling libraries/AP_Radio/AP_Radio_cypress.cpp
[ 585/1013] Compiling libraries/AP_RangeFinder/AP_RangeFinder_TOFSenseF_I2C.cpp
[ 586/1013] Compiling libraries/AP_RangeFinder/AP_RangeFinder_Ainstein_LR_D1.cpp
[ 587/1013] Compiling libraries/AP_RangeFinder/AP_RangeFinder_LeddarOne.cpp
[ 588/1013] Compiling libraries/AP_RangeFinder/AP_RangeFinder_DroneCAN.cpp
[ 589/1013] Compiling libraries/AP_RangeFinder/AP_RangeFinder_BBB_PRU.cpp
[ 590/1013] Compiling libraries/AP_RangeFinder/AP_RangeFinder_MAVLink.cpp
[ 591/1013] Compiling libraries/AP_RangeFinder/AP_RangeFinder_LeddarVu8.cpp
[ 592/1013] Compiling libraries/AP_RangeFinder/AP_RangeFinder_Backend_CAN.cpp
[ 593/1013] Compiling libraries/AP_RangeFinder/AP_RangeFinder_Benewake_CAN.cpp
[ 594/1013] Compiling libraries/AP_RangeFinder/AP_RangeFinder_analog.cpp
[ 595/1013] Compiling libraries/AP_RangeFinder/AP_RangeFinder_VL53L1X.cpp
[ 596/1013] Compiling libraries/AP_RangeFinder/AP_RangeFinder_TeraRanger_Serial.cpp
[ 597/1013] Compiling libraries/AP_RangeFinder/AP_RangeFinder_Wasp.cpp
[ 598/1013] Compiling libraries/AP_RangeFinder/AP_RangeFinder_VL53L0X.cpp
[ 599/1013] Compiling libraries/AP_RangeFinder/AP_RangeFinder_USD1_Serial.cpp
[ 600/1013] Compiling libraries/AP_RangeFinder/AP_RangeFinder_USD1_CAN.cpp
[ 601/1013] Compiling libraries/AP_RangeFinder/AP_RangeFinder_SITL.cpp
[ 602/1013] Compiling libraries/AP_RangeFinder/AP_RangeFinder_NRA24_CAN.cpp
[ 603/1013] Compiling libraries/AP_RangeFinder/AP_RangeFinder_MSP.cpp
[ 604/1013] Compiling libraries/AP_RangeFinder/AP_RangeFinder_Lanbao.cpp
[ 605/1013] Compiling libraries/AP_RangeFinder/AP_RangeFinder_PWM.cpp
[ 606/1013] Compiling libraries/AP_RangeFinder/AP_RangeFinder_TeraRangerI2C.cpp
[ 607/1013] Compiling libraries/AP_RangeFinder/AP_RangeFinder_MaxsonarSerialLV.cpp
[ 608/1013] Compiling libraries/AP_RangeFinder/AP_RangeFinder_MaxsonarI2CXL.cpp
[ 609/1013] Compiling libraries/AP_RangeFinder/AP_RangeFinder_Lua.cpp
[ 610/1013] Compiling libraries/AP_RangeFinder/AP_RangeFinder_LightWareSerial.cpp
[ 611/1013] Compiling libraries/AP_RangeFinder/AP_RangeFinder_HC_SR04.cpp
[ 612/1013] Compiling libraries/AP_RangeFinder/AP_RangeFinder_LightWareI2C.cpp
[ 613/1013] Compiling libraries/AP_RangeFinder/AP_RangeFinder_TOFSenseP_CAN.cpp
[ 614/1013] Compiling libraries/AP_RangeFinder/AP_RangeFinder_GYUS42v2.cpp
[ 615/1013] Compiling libraries/AP_RangeFinder/AP_RangeFinder_JRE_Serial.cpp
[ 616/1013] Compiling libraries/AP_RangeFinder/AP_RangeFinder_NoopLoop.cpp
[ 617/1013] Compiling libraries/AP_RangeFinder/AP_RangeFinder_Backend.cpp
[ 618/1013] Compiling libraries/AP_RangeFinder/AP_RangeFinder.cpp
[ 619/1013] Compiling libraries/AP_RangeFinder/AP_RangeFinder_Benewake_TFMiniPlus.cpp
[ 620/1013] Compiling libraries/AP_RangeFinder/AP_RangeFinder_Benewake.cpp
[ 621/1013] Compiling libraries/AP_RangeFinder/AP_RangeFinder_Backend_Serial.cpp
[ 622/1013] Compiling libraries/AP_RangeFinder/AP_RangeFinder_NMEA.cpp
[ 623/1013] Compiling libraries/AP_RangeFinder/AP_RangeFinder_Bebop.cpp
[ 624/1013] Compiling libraries/AP_RangeFinder/AP_RangeFinder_BLPing.cpp
[ 625/1013] Compiling libraries/AP_RangeFinder/AP_RangeFinder_Params.cpp
[ 626/1013] Compiling libraries/AP_RangeFinder/AP_RangeFinder_RDS02UF.cpp
[ 627/1013] Compiling libraries/AP_RangeFinder/AP_RangeFinder_PulsedLightLRF.cpp
[ 628/1013] Compiling libraries/AP_Relay/AP_Relay_Params.cpp
[ 629/1013] Compiling libraries/AP_RobotisServo/AP_RobotisServo.cpp
[ 630/1013] Compiling libraries/AP_SBusOut/AP_SBusOut.cpp
[ 631/1013] Compiling libraries/AP_Scheduler/PerfInfo.cpp
[ 632/1013] Compiling libraries/AP_SerialLED/AP_SerialLED.cpp
[ 633/1013] Compiling libraries/AP_SerialManager/AP_SerialManager.cpp
[ 634/1013] Compiling libraries/AP_ServoRelayEvents/AP_ServoRelayEvents.cpp
[ 635/1013] Compiling libraries/AP_SmartRTL/AP_SmartRTL.cpp
[ 636/1013] Compiling libraries/AP_Stats/AP_Stats.cpp
[ 637/1013] Compiling libraries/AP_SurfaceDistance/AP_SurfaceDistance.cpp
[ 638/1013] Compiling libraries/AP_TempCalibration/AP_TempCalibration.cpp
[ 639/1013] Compiling libraries/AP_TemperatureSensor/AP_TemperatureSensor_Analog.cpp
[ 640/1013] Compiling libraries/AP_TemperatureSensor/AP_TemperatureSensor_MCP9600.cpp
[ 641/1013] Compiling libraries/AP_TemperatureSensor/AP_TemperatureSensor_DroneCAN.cpp
[ 642/1013] Compiling libraries/AP_TemperatureSensor/AP_TemperatureSensor_Backend.cpp
[ 643/1013] Compiling libraries/AP_TemperatureSensor/AP_TemperatureSensor_TSYS03.cpp
[ 644/1013] Compiling libraries/AP_TemperatureSensor/AP_TemperatureSensor_Params.cpp
[ 645/1013] Compiling libraries/AP_TemperatureSensor/AP_TemperatureSensor_MAX31865.cpp
[ 646/1013] Compiling libraries/AP_TemperatureSensor/AP_TemperatureSensor_MLX90614.cpp
[ 647/1013] Compiling libraries/AP_TemperatureSensor/AP_TemperatureSensor_TSYS01.cpp
[ 648/1013] Compiling libraries/AP_Terrain/TerrainGCS.cpp
[ 649/1013] Compiling libraries/AP_Terrain/TerrainMission.cpp
[ 650/1013] Compiling libraries/AP_Terrain/TerrainUtil.cpp
[ 651/1013] Compiling libraries/AP_Terrain/TerrainIO.cpp
[ 652/1013] Compiling libraries/AP_Torqeedo/AP_Torqeedo_TQBus.cpp
[ 653/1013] Compiling libraries/AP_Torqeedo/AP_Torqeedo_Params.cpp
[ 654/1013] Compiling libraries/AP_Torqeedo/AP_Torqeedo.cpp
[ 655/1013] Compiling libraries/AP_Torqeedo/AP_Torqeedo_Backend.cpp
[ 656/1013] Compiling libraries/AP_Tuning/AP_Tuning.cpp
[ 657/1013] Compiling libraries/AP_Vehicle/Parameters.cpp
[ 658/1013] Compiling libraries/AP_VideoTX/AP_Tramp.cpp
[ 659/1013] Compiling libraries/AP_VideoTX/AP_SmartAudio.cpp
[ 660/1013] Compiling libraries/AP_VideoTX/AP_VideoTX.cpp
[ 661/1013] Compiling libraries/AP_VisualOdom/AP_VisualOdom_Backend.cpp
[ 662/1013] Compiling libraries/AP_VisualOdom/AP_VisualOdom_MAV.cpp
[ 663/1013] Compiling libraries/AP_VisualOdom/AP_VisualOdom.cpp
[ 664/1013] Compiling libraries/AP_VisualOdom/AP_VisualOdom_IntelT265.cpp
[ 665/1013] Compiling libraries/AP_VisualOdom/AP_VisualOdom_Logging.cpp
[ 666/1013] Compiling libraries/AP_Volz_Protocol/AP_Volz_Protocol.cpp
[ 667/1013] Compiling libraries/AP_WheelEncoder/WheelEncoder_Quadrature.cpp
[ 668/1013] Compiling libraries/AP_WheelEncoder/WheelEncoder_SITL_Quadrature.cpp
[ 669/1013] Compiling libraries/AP_WheelEncoder/WheelEncoder_Backend.cpp
[ 670/1013] Compiling libraries/AP_WheelEncoder/AP_WheelEncoder.cpp
[ 671/1013] Compiling libraries/AP_WheelEncoder/AP_WheelRateControl.cpp
[ 672/1013] Compiling libraries/AP_Winch/AP_Winch_Backend.cpp
[ 673/1013] Compiling libraries/AP_Winch/AP_Winch.cpp
[ 674/1013] Compiling libraries/AP_Winch/AP_Winch_PWM.cpp
[ 675/1013] Compiling libraries/AP_Winch/AP_Winch_Daiwa.cpp
[ 676/1013] Compiling libraries/Filter/ModeFilter.cpp
[ 677/1013] Compiling libraries/Filter/AP_Filter.cpp
[ 678/1013] Compiling libraries/Filter/NotchFilter.cpp
[ 679/1013] Compiling libraries/Filter/LowPassFilter2p.cpp
[ 680/1013] Compiling libraries/Filter/SlewLimiter.cpp
[ 681/1013] Compiling libraries/Filter/SlewCalculator2D.cpp
[ 682/1013] Compiling libraries/Filter/AP_NotchFilter_params.cpp
[ 683/1013] Compiling libraries/Filter/LowPassFilter.cpp
[ 684/1013] Compiling libraries/Filter/DerivativeFilter.cpp
[ 685/1013] Compiling libraries/Filter/HarmonicNotchFilter.cpp
[ 686/1013] Compiling libraries/Filter/AP_Filter_params.cpp
[ 687/1013] Compiling libraries/GCS_MAVLink/MAVLink_routing.cpp
[ 688/1013] Compiling libraries/GCS_MAVLink/GCS_FTP.cpp
[ 689/1013] Compiling libraries/GCS_MAVLink/MissionItemProtocol.cpp
[ 690/1013] Compiling libraries/GCS_MAVLink/GCS_ServoRelay.cpp
[ 691/1013] Compiling libraries/GCS_MAVLink/MissionItemProtocol_Waypoints.cpp
[ 692/1013] Compiling libraries/GCS_MAVLink/GCS_DeviceOp.cpp
[ 693/1013] Compiling libraries/GCS_MAVLink/MissionItemProtocol_Rally.cpp
[ 694/1013] Compiling libraries/GCS_MAVLink/GCS_Rally.cpp
[ 695/1013] Compiling libraries/GCS_MAVLink/GCS.cpp
[ 696/1013] Compiling libraries/GCS_MAVLink/GCS_Param.cpp
[ 697/1013] Compiling libraries/GCS_MAVLink/GCS_serial_control.cpp
[ 698/1013] Compiling libraries/GCS_MAVLink/GCS_MAVLink.cpp
[ 699/1013] Compiling libraries/GCS_MAVLink/MissionItemProtocol_Fence.cpp
[ 700/1013] Compiling libraries/GCS_MAVLink/GCS_Signing.cpp
[ 701/1013] Compiling libraries/RC_Channel/RC_Channels.cpp
[ 702/1013] Compiling libraries/SRV_Channel/SRV_Channels.cpp
[ 703/1013] Compiling libraries/SRV_Channel/SRV_Channel_aux.cpp
[ 704/1013] Compiling libraries/SRV_Channel/SRV_Channel.cpp
[ 705/1013] Compiling libraries/AP_HAL/utility/RingBuffer.cpp
[ 706/1013] Compiling libraries/AP_HAL/CANIface.cpp
[ 707/1013] Compiling libraries/AP_HAL/utility/utoa_invert.cpp
[ 708/1013] Compiling libraries/AP_HAL/Util.cpp
[ 709/1013] Compiling libraries/AP_HAL/utility/packetise.cpp
[ 710/1013] Compiling libraries/AP_HAL/utility/Socket_native.cpp
[ 711/1013] Compiling libraries/AP_HAL/system.cpp
[ 712/1013] Compiling libraries/AP_HAL/Semaphores.cpp
[ 713/1013] Compiling libraries/AP_HAL/utility/ftoa_engine.cpp
[ 714/1013] Compiling libraries/AP_HAL/utility/BetterStream.cpp
[ 715/1013] Compiling libraries/AP_HAL/utility/RCOutput_Tap_Linux.cpp
[ 716/1013] Compiling libraries/AP_HAL/Storage.cpp
[ 717/1013] Compiling libraries/AP_HAL/Device.cpp
[ 718/1013] Compiling libraries/AP_HAL/utility/dsm.cpp
[ 719/1013] Compiling libraries/AP_HAL/DSP.cpp
[ 720/1013] Compiling libraries/AP_HAL/utility/RCOutput_Tap.cpp
[ 721/1013] Compiling libraries/AP_HAL/HAL.cpp
[ 722/1013] Compiling libraries/AP_HAL/Scheduler.cpp
[ 723/1013] Compiling libraries/AP_HAL/RCOutput.cpp
[ 724/1013] Compiling libraries/AP_HAL/utility/st24.cpp
[ 725/1013] Compiling libraries/AP_HAL/utility/DataRateLimit.cpp
[ 726/1013] Compiling libraries/AP_HAL/utility/print_vprintf.cpp
[ 727/1013] Compiling libraries/AP_HAL/UARTDriver.cpp
[ 728/1013] Compiling libraries/AP_HAL/utility/srxl.cpp
[ 729/1013] Compiling libraries/AP_HAL/GPIO.cpp
[ 730/1013] Compiling libraries/AP_HAL/utility/replace.cpp
[ 731/1013] Compiling libraries/AP_HAL/utility/getopt_cpp.cpp
[ 732/1013] Compiling libraries/AP_HAL/utility/Socket.cpp
[ 733/1013] Compiling libraries/AP_HAL/utility/sumd.cpp
[ 734/1013] Compiling libraries/AP_HAL_Empty/Semaphores.cpp
[ 735/1013] Compiling libraries/AP_HAL_Empty/RCOutput.cpp
[ 736/1013] Compiling libraries/AP_HAL_Empty/HAL_Empty_Class.cpp
[ 737/1013] Compiling libraries/AP_HAL_Empty/RCInput.cpp
[ 738/1013] Compiling libraries/AP_HAL_Empty/GPIO.cpp
[ 739/1013] Compiling libraries/AP_HAL_Empty/UARTDriver.cpp
[ 740/1013] Compiling libraries/AP_HAL_Empty/AnalogIn.cpp
[ 741/1013] Compiling libraries/AP_HAL_Empty/Storage.cpp
[ 742/1013] Compiling libraries/AP_HAL_ChibiOS/DSP.cpp
[ 743/1013] Compiling libraries/AP_HAL_ChibiOS/RCInput.cpp
[ 744/1013] Compiling libraries/AP_HAL_ChibiOS/RCOutput_serial.cpp
[ 745/1013] Compiling libraries/AP_HAL_ChibiOS/UARTDriver.cpp
[ 746/1013] Compiling libraries/AP_HAL_ChibiOS/Util.cpp
[ 747/1013] Compiling libraries/AP_HAL_ChibiOS/RCOutput_bdshot.cpp
[ 748/1013] Compiling libraries/AP_HAL_ChibiOS/WSPIDevice.cpp
[ 749/1013] Compiling libraries/AP_HAL_ChibiOS/stdio.cpp
[ 750/1013] Compiling libraries/AP_HAL_ChibiOS/sdcard.cpp
[ 751/1013] Compiling libraries/AP_HAL_ChibiOS/I2CDevice.cpp
[ 752/1013] Compiling libraries/AP_HAL_ChibiOS/shared_dma.cpp
[ 753/1013] Compiling libraries/AP_HAL_ChibiOS/CanIface.cpp
[ 754/1013] Compiling libraries/AP_HAL_ChibiOS/Scheduler.cpp
[ 755/1013] Compiling libraries/AP_HAL_ChibiOS/SoftSigReaderInt.cpp
[ 756/1013] Compiling libraries/AP_HAL_ChibiOS/Device.cpp
[ 757/1013] Compiling libraries/AP_HAL_ChibiOS/RCOutput.cpp
[ 758/1013] Compiling libraries/AP_HAL_ChibiOS/SoftSigReader.cpp
[ 759/1013] Compiling libraries/AP_HAL_ChibiOS/RCOutput_iofirmware.cpp
[ 760/1013] Compiling libraries/AP_HAL_ChibiOS/SPIDevice.cpp
[ 761/1013] Compiling libraries/AP_HAL_ChibiOS/CANFDIface.cpp
[ 762/1013] Compiling libraries/AP_HAL_ChibiOS/Semaphores.cpp
[ 763/1013] Compiling libraries/AP_HAL_ChibiOS/AnalogIn.cpp
[ 764/1013] Compiling libraries/AP_Scripting/AP_Scripting_SerialAccess.cpp
[ 765/1013] Compiling libraries/AP_Scripting/AP_Scripting_SerialDevice.cpp
[ 766/1013] Compiling libraries/AP_Scripting/AP_Scripting_CANSensor.cpp
[ 767/1013] Compiling libraries/AP_Scripting/AP_Scripting.cpp
[ 768/1013] Compiling libraries/AP_Scripting/lua/src/ldump.c
[ 769/1013] Compiling libraries/AP_Scripting/lua/src/lstate.c
[ 770/1013] Compiling libraries/AP_Scripting/lua/src/ltablib.c
[ 771/1013] Compiling libraries/AP_Scripting/lua/src/ldo.c
[ 772/1013] Compiling libraries/AP_Scripting/lua/src/loadlib.c
[ 773/1013] Compiling libraries/AP_Scripting/lua/src/loslib.c
[ 774/1013] Compiling libraries/AP_Scripting/lua/src/lfunc.c
[ 775/1013] Compiling libraries/AP_Scripting/lua/src/lctype.c
[ 776/1013] Compiling libraries/AP_Scripting/lua/src/lcode.c
[ 777/1013] Compiling libraries/AP_Scripting/lua/src/lgc.c
[ 778/1013] Compiling libraries/AP_Scripting/lua/src/lbaselib.c
[ 779/1013] Compiling libraries/AP_Scripting/lua/src/lbitlib.c
[ 780/1013] Compiling libraries/AP_Scripting/lua/src/lapi.c
[ 781/1013] Compiling libraries/AP_Scripting/lua/src/lparser.c
[ 782/1013] Compiling libraries/AP_Scripting/lua/src/lstrlib.c
[ 783/1013] Compiling libraries/AP_Scripting/lua/src/lcorolib.c
[ 784/1013] Compiling libraries/AP_Scripting/lua/src/lauxlib.c
[ 785/1013] Compiling libraries/AP_Scripting/lua/src/liolib.c
[ 786/1013] Compiling libraries/AP_Scripting/lua/src/lobject.c
[ 787/1013] Compiling libraries/AP_Scripting/lua/src/ltable.c
[ 788/1013] Compiling libraries/AP_Scripting/lua/src/ltm.c
[ 789/1013] Compiling libraries/AP_Scripting/lua/src/lopcodes.c
[ 790/1013] Compiling libraries/AP_Scripting/lua/src/lundump.c
[ 791/1013] Compiling libraries/AP_Scripting/lua/src/ldebug.c
[ 792/1013] Compiling libraries/AP_Scripting/lua/src/luac.c
[ 793/1013] Compiling libraries/AP_Scripting/lua/src/lzio.c
[ 794/1013] Compiling libraries/AP_Scripting/lua/src/lvm.c
[ 795/1013] Compiling libraries/AP_Scripting/lua/src/lutf8lib.c
[ 796/1013] Compiling libraries/AP_Scripting/lua/src/ldblib.c
[ 797/1013] Compiling libraries/AP_Scripting/lua/src/lmem.c
[ 798/1013] Compiling libraries/AP_Scripting/lua/src/lmathlib.c
[ 799/1013] Compiling libraries/AP_Scripting/lua/src/linit.c
[ 800/1013] Compiling libraries/AP_Scripting/lua/src/lua.c
[ 801/1013] Compiling libraries/AP_Scripting/lua/src/llex.c
[ 802/1013] Compiling libraries/AP_Scripting/lua/src/lstring.c
[ 803/1013] Compiling libraries/AP_ADSB/sagetech-sdk/target.c
[ 804/1013] Compiling libraries/AP_ADSB/sagetech-sdk/toUint32.c
[ 805/1013] Compiling libraries/AP_ADSB/sagetech-sdk/toAlt.c
[ 806/1013] Compiling libraries/AP_ADSB/sagetech-sdk/toTOA.c
[ 807/1013] Compiling libraries/AP_ADSB/sagetech-sdk/toUint16.c
[ 808/1013] Compiling libraries/AP_ADSB/sagetech-sdk/sgEncodeFlightId.c
[ 809/1013] Compiling libraries/AP_ADSB/sagetech-sdk/toVel.c
[ 810/1013] Compiling libraries/AP_ADSB/sagetech-sdk/toInt32.c
[ 811/1013] Compiling libraries/AP_ADSB/sagetech-sdk/toIcao.c
[ 812/1013] Compiling libraries/AP_ADSB/sagetech-sdk/charArray2Buf.c
[ 813/1013] Compiling libraries/AP_ADSB/sagetech-sdk/float2Buf.c
[ 814/1013] Compiling libraries/AP_ADSB/sagetech-sdk/sgEncodeTargetReq.c
[ 815/1013] Compiling libraries/AP_ADSB/sagetech-sdk/toHeading.c
[ 816/1013] Compiling libraries/AP_ADSB/sagetech-sdk/toLatLon.c
[ 817/1013] Compiling libraries/AP_ADSB/sagetech-sdk/sgEncodeDataReq.c
[ 818/1013] Compiling libraries/AP_ADSB/sagetech-sdk/appendChecksum.c
[ 819/1013] Compiling libraries/AP_ADSB/sagetech-sdk/icao2Buf.c
[ 820/1013] Compiling libraries/AP_ADSB/sagetech-sdk/sgEncodeGPS.c
[ 821/1013] Compiling libraries/AP_ADSB/sagetech-sdk/toInt16.c
[ 822/1013] Compiling libraries/AP_ADSB/sagetech-sdk/sgEncodeInstall.c
[ 823/1013] Compiling libraries/AP_ADSB/sagetech-sdk/toGS.c
[ 824/1013] Compiling libraries/AP_ADSB/sagetech-sdk/calcChecksum.c
[ 825/1013] Compiling libraries/AP_ADSB/sagetech-sdk/uint162Buf.c
[ 826/1013] Compiling libraries/AP_ADSB/sagetech-sdk/toHeading2.c
[ 827/1013] Compiling libraries/AP_ADSB/sagetech-sdk/sgDecodeMSR.c
[ 828/1013] Compiling libraries/AP_ADSB/sagetech-sdk/uint322Buf.c
[ 829/1013] Compiling libraries/AP_ADSB/sagetech-sdk/sgDecodeSVR.c
[ 830/1013] Compiling libraries/AP_ADSB/sagetech-sdk/sgDecodeFlightId.c
[ 831/1013] Compiling libraries/AP_ADSB/sagetech-sdk/sgDecodeAck.c
[ 832/1013] Compiling libraries/AP_ADSB/sagetech-sdk/sgEncodeOperating.c
[ 833/1013] Compiling libraries/AP_ADSB/sagetech-sdk/sgDecodeInstall.c
[ 834/1013] Compiling libraries/AP_Airspeed/AP_Airspeed_NMEA.cpp
[ 835/1013] Compiling libraries/AP_Airspeed/AP_Airspeed.cpp
[ 836/1013] Compiling libraries/AP_Airspeed/AP_Airspeed_Params.cpp
[ 837/1013] Compiling libraries/AP_AHRS/AP_AHRS_Backend.cpp
[ 838/1013] Compiling libraries/AP_AHRS/AP_AHRS.cpp
[ 839/1013] Compiling libraries/AP_AHRS/AP_AHRS_DCM.cpp
[ 840/1013] Compiling libraries/AP_Baro/AP_Baro.cpp
[ 841/1013] Compiling libraries/AP_Baro/AP_Baro_SITL.cpp
[ 842/1013] Compiling libraries/AP_BattMonitor/AP_BattMonitor_Params.cpp
[ 843/1013] Compiling libraries/AP_BattMonitor/AP_BattMonitor.cpp
[ 844/1013] Compiling libraries/AP_BoardConfig/AP_BoardConfig.cpp
[ 845/1013] Compiling libraries/AP_HAL/SIMState.cpp
[ 846/1013] Compiling libraries/AP_InertialSensor/AP_InertialSensor.cpp
[ 847/1013] Compiling libraries/AP_Math/SCurve.cpp
[ 848/1013] Compiling libraries/AP_Mission/AP_Mission.cpp
[ 849/1013] Compiling libraries/AP_DAL/AP_DAL_VisualOdom.cpp
[ 850/1013] Compiling libraries/AP_DAL/AP_DAL_RangeFinder.cpp
[ 851/1013] Compiling libraries/AP_DAL/AP_DAL_Beacon.cpp
[ 852/1013] Compiling libraries/AP_DAL/AP_DAL.cpp
[ 853/1013] Compiling libraries/AP_NavEKF2/AP_NavEKF2.cpp
[ 854/1013] Compiling libraries/AP_NavEKF2/AP_NavEKF2_OptFlowFusion.cpp
[ 855/1013] Compiling libraries/AP_NavEKF3/AP_NavEKF3_MagFusion.cpp
[ 856/1013] Compiling libraries/AP_NavEKF3/AP_NavEKF3_VehicleStatus.cpp
[ 857/1013] Compiling libraries/AP_NavEKF3/AP_NavEKF3_Outputs.cpp
[ 858/1013] Compiling libraries/AP_NavEKF3/AP_NavEKF3_Measurements.cpp
[ 859/1013] Compiling libraries/AP_NavEKF3/AP_NavEKF3_core.cpp
[ 860/1013] Compiling libraries/AP_NavEKF3/AP_NavEKF3_AirDataFusion.cpp
[ 861/1013] Compiling libraries/AP_NavEKF3/AP_NavEKF3_Control.cpp
[ 862/1013] Compiling libraries/AP_NavEKF3/AP_NavEKF3_RngBcnFusion.cpp
[ 863/1013] Compiling libraries/AP_NavEKF3/AP_NavEKF3.cpp
[ 864/1013] Compiling libraries/AP_NavEKF3/AP_NavEKF3_OptFlowFusion.cpp
[ 865/1013] Compiling libraries/AP_NavEKF3/AP_NavEKF3_PosVelFusion.cpp
[ 866/1013] Compiling libraries/AP_NavEKF3/AP_NavEKF3_Logging.cpp
[ 867/1013] Compiling libraries/AP_NavEKF3/AP_NavEKF3_GyroBias.cpp
[ 868/1013] Compiling libraries/AP_Rally/AP_Rally.cpp
[ 869/1013] Compiling libraries/AP_Scheduler/AP_Scheduler.cpp
[ 870/1013] Compiling libraries/AP_Terrain/AP_Terrain.cpp
[ 871/1013] Compiling libraries/AP_Vehicle/AP_Vehicle.cpp
[ 872/1013] Compiling libraries/AP_Logger/LoggerMessageWriter.cpp
[ 873/1013] Compiling libraries/AP_Logger/AP_Logger.cpp
[ 874/1013] Compiling libraries/AP_Logger/AP_Logger_File.cpp
[ 875/1013] Compiling libraries/AP_Logger/AP_Logger_Backend.cpp
[ 876/1013] Compiling libraries/GCS_MAVLink/GCS_Dummy.cpp
[ 877/1013] Compiling libraries/GCS_MAVLink/GCS_Common.cpp
[ 878/1013] Compiling libraries/GCS_MAVLink/GCS_Fence.cpp
[ 879/1013] Compiling libraries/RC_Channel/RC_Channel.cpp
[ 880/1013] Compiling libraries/StorageManager/StorageManager.cpp
[ 881/1013] Compiling libraries/AP_Frsky_Telem/AP_Frsky_SPort_Passthrough.cpp
[ 882/1013] Compiling libraries/AP_IBus_Telem/AP_IBus_Telem.cpp
[ 883/1013] Compiling libraries/AP_Relay/AP_Relay.cpp
[ 884/1013] Compiling libraries/AP_RCProtocol/AP_RCProtocol_FPort.cpp
[ 885/1013] Compiling libraries/AP_RCProtocol/AP_RCProtocol_UDP.cpp
[ 886/1013] Compiling libraries/AP_RCProtocol/AP_RCProtocol_FPort2.cpp
[ 887/1013] Compiling libraries/AP_RCProtocol/AP_RCProtocol_SRXL2.cpp
[ 888/1013] Compiling libraries/AP_RCProtocol/AP_RCProtocol.cpp
[ 889/1013] Compiling libraries/AP_RCProtocol/AP_RCProtocol_CRSF.cpp
[ 890/1013] Compiling libraries/AP_RCProtocol/AP_RCProtocol_GHST.cpp
[ 891/1013] Compiling libraries/AP_BLHeli/AP_BLHeli.cpp
[ 892/1013] Compiling libraries/AP_Proximity/AP_Proximity_Utils.cpp
[ 893/1013] Compiling libraries/AC_Fence/AC_PolyFence_loader.cpp
[ 894/1013] Compiling libraries/AC_Fence/AC_Fence.cpp
[ 895/1013] Compiling libraries/AC_Avoidance/AP_OADatabase.cpp
[ 896/1013] Compiling libraries/AC_Avoidance/AC_Avoid.cpp
[ 897/1013] Compiling libraries/AC_Avoidance/AP_OABendyRuler.cpp
[ 898/1013] Compiling libraries/AP_LandingGear/AP_LandingGear.cpp
[ 899/1013] Compiling libraries/AP_OSD/AP_OSD_ParamSetting.cpp
[ 900/1013] Compiling libraries/AP_OSD/AP_OSD_ParamScreen.cpp
[ 901/1013] Compiling libraries/AP_OSD/AP_OSD_Screen.cpp
[ 902/1013] Compiling libraries/AP_Filesystem/AP_Filesystem_posix.cpp
[ 903/1013] Compiling libraries/AP_ADSB/AP_ADSB_Sagetech_MXS.cpp
[ 904/1013] Compiling libraries/AP_ADSB/AP_ADSB.cpp
[ 905/1013] Compiling libraries/AP_ESC_Telem/AP_ESC_Telem_Backend.cpp
[ 906/1013] Compiling libraries/AP_GyroFFT/AP_GyroFFT.cpp
[ 907/1013] Compiling libraries/AP_RCTelemetry/AP_CRSF_Telem.cpp
[ 908/1013] Compiling libraries/AP_RCTelemetry/AP_RCTelemetry.cpp
[ 909/1013] Compiling libraries/AP_ExternalAHRS/AP_ExternalAHRS_InertialLabs.cpp
[ 910/1013] Compiling libraries/AP_TemperatureSensor/AP_TemperatureSensor.cpp
[ 911/1013] Compiling libraries/AP_AIS/AP_AIS.cpp
[ 912/1013] Compiling libraries/AP_Arming/AP_Arming.cpp
[ 913/1013] Compiling libraries/AC_AttitudeControl/AC_PosControl.cpp
[ 914/1013] Compiling libraries/AC_AttitudeControl/AC_AttitudeControl.cpp
[ 915/1013] Compiling libraries/AC_AttitudeControl/AC_WeatherVane.cpp
[ 916/1013] Compiling libraries/AC_PrecLand/AC_PrecLand.cpp
[ 917/1013] Compiling libraries/AC_WPNav/AC_Loiter.cpp
[ 918/1013] Compiling libraries/AP_Motors/AP_Motors_Thrust_Linearization.cpp
[ 919/1013] Compiling libraries/AP_Motors/AP_MotorsMulticopter.cpp
[ 920/1013] Compiling libraries/AP_Motors/AP_MotorsTri.cpp
[ 921/1013] Compiling libraries/AP_Motors/AP_MotorsMatrix.cpp
[ 922/1013] Compiling libraries/AP_Avoidance/AP_Avoidance.cpp
[ 923/1013] Compiling libraries/AP_Follow/AP_Follow.cpp
[ 924/1013] Compiling libraries/AC_AutoTune/AC_AutoTune.cpp
[ 925/1013] Compiling libraries/AP_HAL_ChibiOS/system.cpp
[ 926/1013] Compiling libraries/AP_HAL_ChibiOS/GPIO.cpp
[ 927/1013] Compiling libraries/AP_HAL_ChibiOS/HAL_ChibiOS_Class.cpp
[ 928/1013] Compiling libraries/AP_HAL_ChibiOS/Storage.cpp
[ 929/1013] Compiling libraries/AP_Scripting/lua_bindings.cpp
[ 930/1013] Compiling ../MatekF405-TE/libraries/AP_Scripting/lua_generated_bindings.cpp
[ 931/1013] Compiling libraries/AP_Scripting/AP_Scripting_helpers.cpp
[ 932/1013] Compiling libraries/AP_Scripting/lua_boxed_numerics.cpp
[ 933/1013] Compiling libraries/AP_Scripting/lua_scripts.cpp
[ 934/1013] Compiling ArduCopter/AP_State.cpp
[ 935/1013] Compiling ArduCopter/mode_avoid_adsb.cpp
[ 936/1013] Compiling ArduCopter/compassmot.cpp
[ 937/1013] Compiling ArduCopter/mode_autotune.cpp
[ 938/1013] Compiling ArduCopter/AP_Arming.cpp
[ 939/1013] Compiling ArduCopter/takeoff.cpp
[ 940/1013] Compiling ArduCopter/mode_systemid.cpp
[ 941/1013] Compiling ArduCopter/mode_poshold.cpp
[ 942/1013] Compiling ArduCopter/UserCode.cpp
[ 943/1013] Compiling ArduCopter/GCS_Copter.cpp
[ 944/1013] Compiling ArduCopter/mode_land.cpp
[ 945/1013] Compiling ArduCopter/motor_test.cpp
[ 946/1013] Compiling ArduCopter/esc_calibration.cpp
[ 947/1013] Compiling ArduCopter/mode_stabilize.cpp
[ 948/1013] Compiling ArduCopter/UserParameters.cpp
[ 949/1013] Compiling ArduCopter/terrain.cpp
[ 950/1013] Compiling ArduCopter/avoidance.cpp
[ 951/1013] Compiling ArduCopter/events.cpp
[ 952/1013] Linking ../MatekF405-TE/lib/libArduCopter_libs.a
[ 953/1013] Compiling ArduCopter/mode_smart_rtl.cpp
[ 954/1013] Compiling ArduCopter/motors.cpp
[ 955/1013] Compiling ArduCopter/mode_flowhold.cpp
[ 956/1013] Compiling ArduCopter/mode_althold.cpp
[ 957/1013] Compiling ArduCopter/system.cpp
[ 958/1013] Compiling ArduCopter/toy_mode.cpp
[ 959/1013] Compiling ArduCopter/mode_sport.cpp
[ 960/1013] Compiling ArduCopter/AP_Rally.cpp
[ 961/1013] Compiling ArduCopter/commands.cpp
[ 962/1013] Compiling ArduCopter/mode_brake.cpp
[ 963/1013] Compiling ArduCopter/RC_Channel.cpp
[ 964/1013] Compiling ArduCopter/land_detector.cpp
[ 965/1013] Compiling ArduCopter/avoidance_adsb.cpp
[ 966/1013] Compiling ArduCopter/Copter.cpp
[ 967/1013] Compiling ArduCopter/precision_landing.cpp
[ 968/1013] Compiling ArduCopter/Parameters.cpp
[ 969/1013] Compiling ArduCopter/ekf_check.cpp
[ 970/1013] Compiling ArduCopter/standby.cpp
[ 971/1013] Compiling ArduCopter/inertia.cpp
[ 972/1013] Compiling ArduCopter/mode_flip.cpp
[ 973/1013] Compiling ArduCopter/mode.cpp
[ 974/1013] Compiling ArduCopter/navigation.cpp
[ 975/1013] Compiling ArduCopter/tuning.cpp
[ 976/1013] Compiling ArduCopter/GCS_Mavlink.cpp
[ 977/1013] Compiling ArduCopter/mode_stabilize_heli.cpp
[ 978/1013] Compiling ArduCopter/afs_copter.cpp
[ 979/1013] Compiling ArduCopter/mode_throw.cpp
[ 980/1013] Compiling ArduCopter/mode_loiter.cpp
[ 981/1013] Compiling ArduCopter/crash_check.cpp
[ 982/1013] Compiling ArduCopter/mode_follow.cpp
[ 983/1013] Compiling ArduCopter/failsafe.cpp
[ 984/1013] Compiling ArduCopter/AP_ExternalControl_Copter.cpp
[ 985/1013] Compiling ArduCopter/autoyaw.cpp
[ 986/1013] Compiling ArduCopter/mode_acro_heli.cpp
[ 987/1013] Compiling ArduCopter/mode_guided_nogps.cpp
[ 988/1013] Compiling ArduCopter/mode_turtle.cpp
[ 989/1013] Compiling ArduCopter/mode_auto.cpp
[ 990/1013] Compiling ArduCopter/Attitude.cpp
[ 991/1013] Compiling ArduCopter/takeoff_check.cpp
[ 992/1013] Compiling ArduCopter/mode_circle.cpp
[ 993/1013] Compiling ArduCopter/baro_ground_effect.cpp
[ 994/1013] Compiling ArduCopter/fence.cpp
[ 995/1013] Compiling ArduCopter/landing_gear.cpp
[ 996/1013] Compiling ArduCopter/mode_acro.cpp
[ 997/1013] Compiling ArduCopter/mode_autorotate.cpp
[ 998/1013] Compiling ArduCopter/heli.cpp
[ 999/1013] Compiling ArduCopter/sensors.cpp
[1000/1013] Compiling ArduCopter/mode_zigzag.cpp
[1001/1013] Compiling ArduCopter/mode_rtl.cpp
[1002/1013] Compiling ArduCopter/radio.cpp
[1003/1013] Compiling ArduCopter/surface_tracking.cpp
[1004/1013] Compiling ArduCopter/mode_guided.cpp
[1005/1013] Compiling ArduCopter/Log.cpp
[1006/1013] Compiling ArduCopter/mode_drift.cpp
[1007/1013] Linking ../MatekF405-TE/bin/arducopter
[1008/1013] Generating bin/arducopter.bin
[1009/1013] checking symbols ../MatekF405-TE/bin/arducopter
[1010/1013] app_descriptor set_app_descriptor: ../MatekF405-TE/bin/arducopter ../MatekF405-TE/bin/arducopter.bin
No APP_DESCRIPTOR found
[1011/1013] apj_gen ../MatekF405-TE/bin/arducopter.bin
[1012/1013] bin cleanup ../MatekF405-TE/bin/arducopter.bin
[1013/1013] Generating bin/arducopter_with_bl.hex
Waf: Leaving directory `/workdir/copter-MatekF405-TE-72cdb3e15dcc93cc739e57642097bed1/MatekF405-TE'

BUILD SUMMARY
Build directory: /workdir/copter-MatekF405-TE-72cdb3e15dcc93cc739e57642097bed1/MatekF405-TE
Target          Text (B)  Data (B)  BSS (B)  Total Flash Used (B)  Free Flash (B)  External Flash Used (B)
----------------------------------------------------------------------------------------------------------
bin/arducopter    842524      2596   128580                845120          137904  Not Applicable         

'copter' finished successfully (54.415s)
done build
